Date de début;Date de fin;Organisme;code zas;Zas;code site;nom site;type d'implantation;Polluant;type d'influence;Réglementaire;type d'évaluation;type de valeur;valeur;valeur brute;unité de mesure;taux de saisie;couverture temporelle;couverture de données;code qualité;validité;Latitude;Longitude
2025/10/21 00:00:00;2025/10/21 11:00:00;ATMO GRAND EST;FR44ZAG02;ZAG METZ;FR01011;Metz-Centre;Urbaine;PM10;Fond;Oui;mesures fixes;Moy. journalière;5.0;4.8363636364;µg-m3;100.0;100;100.0;A;1;49.119442;6.180833
2025/10/21 00:00:00;2025/10/21 11:00:00;ATMO GRAND EST;FR44ZAG02;ZAG METZ;FR01012;Metz-Borny;Urbaine;PM10;Fond;Oui;mesures fixes;Moy. journalière;4.0;4.22;µg-m3;91.0;100;91.0;A;1;49.110283;6.223336
2025/10/21 00:00:00;2025/10/21 11:00:00;ATMO GRAND EST;FR44ZRE01;ZR GRAND-EST;FR01014;Pont-à-Mousson;Urbaine;PM10;Fond;Oui;mesures fixes;Moy. journalière;8.0;7.65;µg-m3;91.0;100;91.0;A;1;48.915;6.058336
2025/10/21 00:00:00;2025/10/21 11:00:00;ATMO GRAND EST;FR44ZAG02;ZAG METZ;FR01020;Thionville-Centre;Urbaine;PM10;Fond;Oui;mesures fixes;Moy. journalière;4.0;4.2727272727;µg-m3;100.0;100;100.0;A;1;49.358337;6.156942
2025/10/21 00:00:00;2025/10/21 11:00:00;ATMO GRAND EST;FR44ZAG02;ZAG METZ;FR01059;HAYANGE-MARSPICH;Périurbaine;PM10;Industrielle;Oui;mesures fixes;Moy. journalière;6.0;5.89;µg-m3;91.0;100;91.0;A;1;49.3374;6.08207
2025/10/21 00:00:00;2025/10/21 11:00:00;ATMO GRAND EST;FR44ZAG02;ZAG METZ;FR01064;Metz- Pont Grilles;Urbaine;PM10;Trafic;Oui;mesures fixes;Moy. journalière;7.0;7.1;µg-m3;91.0;100;91.0;A;1;49.12508;6.181219
2025/10/21 00:00:00;2025/10/21 11:00:00;ATMO SUD;FR93ZAG01;ZAG MARSEILLE-AIX;FR02008;Port de Bouc Leque;Urbaine;PM10;Industrielle;Oui;mesures fixes;Moy. journalière;17.0;16.99;µg-m3;91.0;100;91.0;A;1;43.401952;4.981919
2025/10/21 00:00:00;2025/10/21 11:00:00;ATMO SUD;FR93ZRE02;ZR PROVENCE-ALPES-COTE-D-AZUR;FR02022;Arles;Urbaine;PM10;Fond;Oui;mesures fixes;Moy. journalière;13.0;12.5272727273;µg-m3;100.0;100;100.0;A;1;43.675114;4.62921
2025/10/21 00:00:00;2025/10/21 11:00:00;ATMO SUD;FR93ZAG01;ZAG MARSEILLE-AIX;FR02041;SALON;Urbaine;PM10;Fond;Oui;mesures fixes;Moy. journalière;11.0;11.4181818182;µg-m3;100.0;100;100.0;A;1;43.639002;5.101097
2025/10/21 00:00:00;2025/10/21 11:00:00;ATMO SUD;FR93ZAG01;ZAG MARSEILLE-AIX;FR02043;Marignane;Urbaine;PM10;Fond;Oui;mesures fixes;Moy. journalière;12.0;12.1636363636;µg-m3;100.0;100;100.0;A;1;43.4165306;5.222281
2025/10/21 00:00:00;2025/10/21 11:00:00;ATMO SUD;FR93ZAG01;ZAG MARSEILLE-AIX;FR03006;MARSEILLE RABATAU;Urbaine;PM10;Trafic;Oui;mesures fixes;Moy. journalière;22.0;21.99;µg-m3;91.0;100;91.0;A;1;43.276451;5.39736
2025/10/21 00:00:00;2025/10/21 11:00:00;ATMO SUD;FR93ZAG01;ZAG MARSEILLE-AIX;FR03014;MARSEILLE ST LOUIS;Urbaine;PM10;Fond;Oui;mesures fixes;Moy. journalière;15.0;14.7181818182;µg-m3;100.0;100;100.0;A;1;43.348048;5.360119
2025/10/21 00:00:00;2025/10/21 11:00:00;ATMO SUD;FR93ZRE02;ZR PROVENCE-ALPES-COTE-D-AZUR;FR03027;PLAN AUPS/STE  BAUME;Rurale près des villes;PM10;Fond;Oui;mesures fixes;Moy. journalière;7.0;6.7636363636;µg-m3;100.0;100;100.0;A;1;43.335201;5.727365
2025/10/21 00:00:00;2025/10/21 11:00:00;ATMO SUD;FR93ZAG01;ZAG MARSEILLE-AIX;FR03029;AIX CENTRE ECOLE ART;Urbaine;PM10;Fond;Oui;mesures fixes;Moy. journalière;14.0;13.5;µg-m3;100.0;100;100.0;A;1;43.530285;5.440912
2025/10/21 00:00:00;2025/10/21 11:00:00;ATMO SUD;FR93ZAG01;ZAG MARSEILLE-AIX;FR03030;GARDANNE;Périurbaine;PM10;Industrielle;Oui;mesures fixes;Moy. journalière;10.0;10.1;µg-m3;91.0;100;91.0;R;1;43.453584;5.466672
2025/10/21 00:00:00;2025/10/21 11:00:00;ATMO SUD;FR93ZAG01;ZAG MARSEILLE-AIX;FR03043;MARSEILLE 5 AVENUES;Urbaine;PM10;Fond;Oui;mesures fixes;Moy. journalière;16.0;15.8090909091;µg-m3;100.0;100;100.0;A;1;43.305287;5.394716
2025/10/21 00:00:00;2025/10/21 11:00:00;ATMO SUD;FR93ZAG03;ZAG TOULON;FR03068;TOULON FOCH;Urbaine;PM10;Trafic;Oui;mesures fixes;Moy. journalière;26.0;25.74;µg-m3;91.0;100;91.0;A;1;43.126821;5.921605
2025/10/21 00:00:00;2025/10/21 11:00:00;ATMO SUD;FR93ZRE02;ZR PROVENCE-ALPES-COTE-D-AZUR;FR03070;ESTEREL;Périurbaine;PM10;Fond;Oui;mesures fixes;Moy. journalière;11.0;10.82;µg-m3;91.0;100;91.0;A;1;43.437874;6.76839
2025/10/21 00:00:00;2025/10/21 11:00:00;ATMO SUD;FR93ZAG03;ZAG TOULON;FR03071;TOULON CLARET;Urbaine;PM10;Fond;Oui;mesures fixes;Moy. journalière;16.0;15.98;µg-m3;91.0;100;91.0;A;1;43.131113;5.924184
2025/10/21 00:00:00;2025/10/21 11:00:00;ATMO SUD;FR93ZAG04;ZAG AVIGNON;FR03080;AVIGNON   MAIRIE;Urbaine;PM10;Fond;Oui;mesures fixes;Moy. journalière;13.0;13.4636363636;µg-m3;100.0;100;100.0;A;1;43.949673;4.804341
2025/10/21 00:00:00;2025/10/21 11:00:00;ATMO SUD;FR93ZAG04;ZAG AVIGNON;FR03091;Avignon Rocade De Gaulle;Urbaine;PM10;Trafic;Oui;mesures fixes;Moy. journalière;30.0;29.52;µg-m3;91.0;100;91.0;A;1;43.9314;4.826875
2025/10/21 00:00:00;2025/10/21 11:00:00;AIRPARIF;FR11ZAG01;ZAG PARIS;FR04002;GENNEVILLIERS;Urbaine;PM10;Fond;Oui;mesures fixes;Moy. journalière;10.0;10.0;µg-m3;100.0;100;100.0;A;1;48.930319;2.29435
2025/10/21 00:00:00;2025/10/21 11:00:00;AIRPARIF;FR11ZAG01;ZAG PARIS;FR04004;PARIS 18eme;Urbaine;PM10;Fond;Oui;mesures fixes;Moy. journalière;11.0;11.49;µg-m3;91.0;100;91.0;A;1;48.891666;2.346667
2025/10/21 00:00:00;2025/10/21 11:00:00;AIRPARIF;FR11ZAG01;ZAG PARIS;FR04012;Place Victor Basch;Urbaine;PM10;Trafic;Oui;mesures fixes;Moy. journalière;18.0;18.27;µg-m3;91.0;100;91.0;A;1;48.827778;2.3275
2025/10/21 00:00:00;2025/10/21 11:00:00;AIRPARIF;FR11ZAG01;ZAG PARIS;FR04023;CERGY-PONTOISE;Urbaine;PM10;Fond;Oui;mesures fixes;Moy. journalière;10.0;10.27;µg-m3;91.0;100;91.0;A;1;49.04639;2.043056
2025/10/21 00:00:00;2025/10/21 11:00:00;AIRPARIF;FR11ZAG01;ZAG PARIS;FR04034;VITRY-SUR-SEINE;Urbaine;PM10;Fond;Oui;mesures fixes;Moy. journalière;11.0;10.5909090909;µg-m3;100.0;100;100.0;A;1;48.775897;2.375788
2025/10/21 00:00:00;2025/10/21 11:00:00;AIRPARIF;FR11ZRE01;ZR ILE-DE-FRANCE;FR04048;Zone Rurale Nord;Rurale régionale;PM10;Fond;Oui;mesures fixes;Moy. journalière;8.0;7.5181818182;µg-m3;100.0;100;100.0;A;1;49.100277;2.343889
2025/10/21 00:00:00;2025/10/21 11:00:00;AIRPARIF;FR11ZAG01;ZAG PARIS;FR04055;PARIS 1er Les Halles;Urbaine;PM10;Fond;Oui;mesures fixes;Moy. journalière;9.0;8.8333333333;µg-m3;55.0;100;55.0;N;-1;48.86212;2.344616
2025/10/21 00:00:00;2025/10/21 11:00:00;AIRPARIF;FR11ZAG01;ZAG PARIS;FR04058;Auto A1 -Saint-Denis;Urbaine;PM10;Trafic;Oui;mesures fixes;Moy. journalière;27.0;26.6;µg-m3;91.0;100;91.0;A;1;48.925278;2.356667
2025/10/21 00:00:00;2025/10/21 11:00:00;AIRPARIF;FR11ZRE01;ZR ILE-DE-FRANCE;FR04066;Zone rurale Sud;Rurale régionale;PM10;Fond;Oui;mesures fixes;Moy. journalière;6.0;6.3909090909;µg-m3;100.0;100;100.0;A;1;48.364166;2.236944
2025/10/21 00:00:00;2025/10/21 11:00:00;AIRPARIF;FR11ZAG01;ZAG PARIS;FR04098;LOGNES;Urbaine;PM10;Fond;Oui;mesures fixes;Moy. journalière;14.0;13.52;µg-m3;91.0;100;91.0;A;1;48.84028;2.635278
2025/10/21 00:00:00;2025/10/21 11:00:00;AIRPARIF;FR11ZAG01;ZAG PARIS;FR04099;NOGENT-SUR-MARNE;Urbaine;PM10;Fond;Oui;mesures fixes;Moy. journalière;9.0;8.8454545455;µg-m3;100.0;100;100.0;A;1;48.840557;2.484444
2025/10/21 00:00:00;2025/10/21 11:00:00;AIRPARIF;FR11ZAG01;ZAG PARIS;FR04118;Place de l'Opéra;Urbaine;PM10;Trafic;Oui;mesures fixes;Moy. journalière;15.0;15.2;µg-m3;100.0;100;100.0;A;1;48.870274;2.3325
2025/10/21 00:00:00;2025/10/21 11:00:00;AIRPARIF;FR11ZAG01;ZAG PARIS;FR04122;RN6-MELUN;Périurbaine;PM10;Trafic;Oui;mesures fixes;Moy. journalière;20.0;20.24;µg-m3;91.0;100;91.0;A;1;48.528057;2.653611
2025/10/21 00:00:00;2025/10/21 11:00:00;AIRPARIF;FR11ZAG01;ZAG PARIS;FR04123;RN2-PANTIN;Urbaine;PM10;Trafic;Oui;mesures fixes;Moy. journalière;18.0;17.54;µg-m3;91.0;100;91.0;A;1;48.90222;2.390833
2025/10/21 00:00:00;2025/10/21 11:00:00;AIRPARIF;FR11ZAG01;ZAG PARIS;FR04131;Boulevard Haussmann;Urbaine;PM10;Trafic;Oui;mesures fixes;Moy. journalière;19.0;18.5;µg-m3;91.0;100;91.0;A;1;48.873333;2.330278
2025/10/21 00:00:00;2025/10/21 11:00:00;AIRPARIF;FR11ZAG01;ZAG PARIS;FR04156;BOBIGNY;Urbaine;PM10;Fond;Oui;mesures fixes;Moy. journalière;12.0;11.9454545455;µg-m3;100.0;100;100.0;A;1;48.902504;2.4525
2025/10/21 00:00:00;2025/10/21 11:00:00;AIRPARIF;FR11ZRE01;ZR ILE-DE-FRANCE;FR04158;Zone Rurale NO;Rurale régionale;PM10;Fond;Oui;mesures fixes;Moy. journalière;10.0;10.46;µg-m3;91.0;100;91.0;A;1;49.063087;1.866381
2025/10/21 00:00:00;2025/10/21 11:00:00;AIRPARIF;FR11ZRE01;ZR ILE-DE-FRANCE;FR04173;RD934 Coulommiers;Périurbaine;PM10;Trafic;Oui;mesures fixes;Moy. journalière;17.0;17.2454545455;µg-m3;100.0;100;100.0;A;1;48.8059;3.084158
2025/10/21 00:00:00;2025/10/21 11:00:00;AIRPARIF;FR11ZAG01;ZAG PARIS;FR04179;PARIS Stade Lenglen;Urbaine;PM10;Fond;Oui;mesures fixes;Moy. journalière;11.0;10.66;µg-m3;91.0;100;91.0;A;1;48.830387;2.269889
2025/10/21 00:00:00;2025/10/21 11:00:00;AIRPARIF;FR11ZRE01;ZR ILE-DE-FRANCE;FR04181;RAMBOUILLET;Périurbaine;PM10;Fond;Oui;mesures fixes;Moy. journalière;9.0;8.7;µg-m3;100.0;100;100.0;A;1;48.63373;1.830529
2025/10/21 00:00:00;2025/10/21 11:00:00;AIRPARIF;FR11ZAG01;ZAG PARIS;FR04319;TREMBLAY-EN-FRANCE;Périurbaine;PM10;Fond;Oui;mesures fixes;Moy. journalière;11.0;11.01;µg-m3;91.0;100;91.0;A;1;48.95555;2.575278
2025/10/21 00:00:00;2025/10/21 11:00:00;AIRPARIF;FR11ZRE01;ZR ILE-DE-FRANCE;FR04328;Zone Rurale SE;Rurale régionale;PM10;Fond;Oui;mesures fixes;Moy. journalière;8.0;7.8363636364;µg-m3;100.0;100;100.0;A;1;48.3547;2.6453
2025/10/21 00:00:00;2025/10/21 11:00:00;AIRPARIF;FR11ZAG01;ZAG PARIS;FR04329;Bld peripherique Est;Urbaine;PM10;Trafic;Oui;mesures fixes;Moy. journalière;19.0;19.4;µg-m3;91.0;100;91.0;A;1;48.838615;2.412781
2025/10/21 00:00:00;2025/10/21 11:00:00;ATMO NORMANDIE;FR28ZRE02;ZR NORMANDIE;FR05040;Honfleur Sce Tech.;Urbaine;PM10;Fond;Oui;mesures fixes;Moy. journalière;12.0;11.87;µg-m3;91.0;100;91.0;A;1;49.415108;0.2437
2025/10/21 00:00:00;2025/10/21 11:00:00;ATMO NORMANDIE;FR28ZAR01;ZAR LE-HAVRE;FR05074;Le Havre Ec. Herriot;Urbaine;PM10;Fond;Oui;mesures fixes;Moy. journalière;15.0;14.6454545455;µg-m3;100.0;100;100.0;A;1;49.48963;0.100703
2025/10/21 00:00:00;2025/10/21 11:00:00;ATMO NORMANDIE;FR28ZAR01;ZAR LE-HAVRE;FR05083;Gonfreville l Orcher;Urbaine;PM10;Industrielle;Oui;mesures fixes;Moy. journalière;14.0;14.2454545455;µg-m3;100.0;100;100.0;A;1;49.50273;0.232486
2025/10/21 00:00:00;2025/10/21 11:00:00;ATMO NORMANDIE;FR28ZAR01;ZAR LE-HAVRE;FR05084;NDGravenchon Pasteur;Urbaine;PM10;Industrielle;Oui;mesures fixes;Moy. journalière;10.0;10.0777777778;µg-m3;82.0;100;82.0;A;1;49.493332;0.571853
2025/10/21 00:00:00;2025/10/21 11:00:00;ATMO NORMANDIE;FR28ZRE02;ZR NORMANDIE;FR05087;Maison Parc Brotonne;Rurale régionale;PM10;Fond;Oui;mesures fixes;Moy. journalière;43.0;42.62;µg-m3;91.0;100;91.0;A;1;49.498417;0.758697
2025/10/21 00:00:00;2025/10/21 11:00:00;ATMO NORMANDIE;FR28ZAR01;ZAR LE-HAVRE;FR05089;Le Havre Lafaurie-montant;Urbaine;PM10;Trafic;Oui;mesures fixes;Moy. journalière;19.0;19.2;µg-m3;91.0;100;91.0;A;1;49.500187;0.110903
2025/10/21 00:00:00;2025/10/21 11:00:00;ATMO NORMANDIE;FR28ZAR01;ZAR LE-HAVRE;FR05090;Le Havre ville-haute;Urbaine;PM10;Fond;Oui;mesures fixes;Moy. journalière;12.0;12.4545454545;µg-m3;100.0;100;100.0;A;1;49.514686;0.100645
2025/10/21 00:00:00;2025/10/21 11:00:00;ATMO HAUTS DE FRANCE;FR32ZAG01;ZAG BLDV;FR06001;Valenciennes Acacias;Urbaine;PM10;Fond;Oui;mesures indicatives;Moy. journalière;6.0;5.8;µg-m3;82.0;100;82.0;A;1;50.35853;3.50804
2025/10/21 00:00:00;2025/10/21 11:00:00;ATMO HAUTS DE FRANCE;FR32ZAG01;ZAG BLDV;FR06003;Douai Theuriet;Urbaine;PM10;Fond;Oui;mesures fixes;Moy. journalière;5.0;5.1545454545;µg-m3;100.0;100;100.0;A;1;50.37822;3.06586
2025/10/21 00:00:00;2025/10/21 11:00:00;ATMO HAUTS DE FRANCE;FR32ZAG01;ZAG BLDV;FR06006;Valenciennes Wallon;Urbaine;PM10;Trafic;Oui;mesures fixes;Moy. journalière;8.0;7.9909090909;µg-m3;100.0;100;100.0;A;1;50.36425;3.52273
2025/10/21 00:00:00;2025/10/21 11:00:00;ATMO HAUTS DE FRANCE;FR32ZAG01;ZAG BLDV;FR06011;Denain Villars;Périurbaine;PM10;Fond;Oui;mesures fixes;Moy. journalière;7.0;6.8;µg-m3;100.0;100;100.0;A;1;50.32276;3.39593
2025/10/21 00:00:00;2025/10/21 11:00:00;ATMO HAUTS DE FRANCE;FR32ZRE01;ZR HAUTS-DE-FRANCE;FR06133;Cartignies;Rurale près des villes;PM10;Fond;Oui;mesures fixes;Moy. journalière;6.0;5.7909090909;µg-m3;100.0;100;100.0;A;1;50.09225;3.85003
2025/10/21 00:00:00;2025/10/21 11:00:00;ATMO AUVERGNE-RHÔNE-ALPES;FR84ZAG04;ZAG CLERMONT-FERRAND;FR07004;Montferrand;Urbaine;PM10;Fond;Oui;mesures indicatives;Moy. journalière;4.0;4.3545454545;µg-m3;100.0;100;100.0;A;1;45.79728;3.113833
2025/10/21 00:00:00;2025/10/21 11:00:00;ATMO AUVERGNE-RHÔNE-ALPES;FR84ZRE02;ZR AUVERGNE-RHONE-ALPES;FR07022;Paray le Fresil;Rurale régionale;PM10;Fond;Oui;mesures indicatives;Moy. journalière;4.0;3.8727272727;µg-m3;100.0;100;100.0;A;1;46.652668;3.600667
2025/10/21 00:00:00;2025/10/21 11:00:00;ATMO AUVERGNE-RHÔNE-ALPES;FR84ZRE02;ZR AUVERGNE-RHONE-ALPES;FR07031;Rageade;Rurale régionale;PM10;Fond;Oui;mesures indicatives;Moy. journalière;2.0;2.0545454545;µg-m3;100.0;100;100.0;A;1;45.10472;3.277361
2025/10/21 00:00:00;2025/10/21 11:00:00;ATMO AUVERGNE-RHÔNE-ALPES;FR84ZAG04;ZAG CLERMONT-FERRAND;FR07051;Beaulieu;Périurbaine;PM10;Industrielle;Oui;mesures indicatives;Moy. journalière;11.0;11.4454545455;µg-m3;100.0;100;100.0;A;1;45.769;3.155
2025/10/21 00:00:00;2025/10/21 11:00:00;ATMO AUVERGNE-RHÔNE-ALPES;FR84ZRE02;ZR AUVERGNE-RHONE-ALPES;FR07052;Aurillac-Lagarde;Urbaine;PM10;Fond;Oui;mesures indicatives;Moy. journalière;5.0;5.4;µg-m3;100.0;100;100.0;A;1;44.92008;2.441082
2025/10/21 00:00:00;2025/10/21 11:00:00;ATMO AUVERGNE-RHÔNE-ALPES;FR84ZRE02;ZR AUVERGNE-RHONE-ALPES;FR07054;Le Puy-Causans;Urbaine;PM10;Fond;Oui;mesures indicatives;Moy. journalière;4.0;3.5111111111;µg-m3;82.0;100;82.0;A;1;45.039001;3.887001
2025/10/21 00:00:00;2025/10/21 11:00:00;ATMO AUVERGNE-RHÔNE-ALPES;FR84ZRE02;ZR AUVERGNE-RHONE-ALPES;FR07057;Moulins Centre;Urbaine;PM10;Fond;Oui;mesures fixes;Moy. journalière;6.0;6.2272727273;µg-m3;100.0;100;100.0;A;1;46.5619722;3.34063888888888
2025/10/21 00:00:00;2025/10/21 11:00:00;ATMO AUVERGNE-RHÔNE-ALPES;FR84ZRE02;ZR AUVERGNE-RHONE-ALPES;FR07058;Montluçon;Urbaine;PM10;Fond;Oui;mesures indicatives;Moy. journalière;6.0;5.7181818182;µg-m3;100.0;100;100.0;A;1;46.340723;2.593945
2025/10/21 00:00:00;2025/10/21 11:00:00;ATMO AUVERGNE-RHÔNE-ALPES;FR84ZRE02;ZR AUVERGNE-RHONE-ALPES;FR07059;Vichy;Urbaine;PM10;Fond;Oui;mesures indicatives;Moy. journalière;5.0;4.5545454545;µg-m3;100.0;100;100.0;A;1;46.130431;3.425694
2025/10/21 00:00:00;2025/10/21 11:00:00;ATMO AUVERGNE-RHÔNE-ALPES;FR84ZAG04;ZAG CLERMONT-FERRAND;FR07061;Riom Périurbaine;Périurbaine;PM10;Fond;Oui;mesures indicatives;Moy. journalière;4.0;4.1;µg-m3;100.0;100;100.0;A;1;45.89674;3.122254
2025/10/21 00:00:00;2025/10/21 11:00:00;ATMO OCCITANIE;FR76ZAG02;ZAG MONTPELLIER;FR08016;Montpellier Prés d'Arènes;Urbaine;PM10;Fond;Oui;mesures fixes;Moy. journalière;18.0;17.7454545455;µg-m3;100.0;100;100.0;A;1;43.5915;3.88681
2025/10/21 00:00:00;2025/10/21 11:00:00;ATMO OCCITANIE;FR76ZRE01;ZR OCCITANIE;FR08020;Lunel Viel;Périurbaine;PM10;Industrielle;Oui;mesures indicatives;Moy. journalière;16.0;16.02;µg-m3;91.0;100;91.0;A;1;43.6758;4.08838
2025/10/21 00:00:00;2025/10/21 11:00:00;ATMO OCCITANIE;FR76ZAR02;ZAR NIMES;FR08614;Nimes Gauzy;Urbaine;PM10;Fond;Oui;mesures fixes;Moy. journalière;12.0;11.7727272727;µg-m3;100.0;100;100.0;A;1;43.8344;4.3744
2025/10/21 00:00:00;2025/10/21 11:00:00;ATMO OCCITANIE;FR76ZAR01;ZAR PERPIGNAN;FR08714;Perpignan Les Carmes;Urbaine;PM10;Fond;Oui;mesures fixes;Moy. journalière;14.0;14.1818181818;µg-m3;100.0;100;100.0;A;1;42.6955;2.90053
2025/10/21 00:00:00;2025/10/21 11:00:00;ATMO NOUVELLE-AQUITAINE;FR75ZRE02;ZR NOUVELLE-AQUITAINE;FR09003;place de VERDUN;Urbaine;PM10;Fond;Oui;mesures fixes;Moy. journalière;17.0;16.81;µg-m3;91.0;100;91.0;A;1;46.162647;-1.153684
2025/10/21 00:00:00;2025/10/21 11:00:00;ATMO NOUVELLE-AQUITAINE;FR75ZRE02;ZR NOUVELLE-AQUITAINE;FR09008;Aytré;Périurbaine;PM10;Fond;Oui;mesures fixes;Moy. journalière;19.0;18.74;µg-m3;91.0;100;91.0;A;1;46.135134;-1.117086
2025/10/21 00:00:00;2025/10/21 11:00:00;ATMO NOUVELLE-AQUITAINE;FR75ZRE02;ZR NOUVELLE-AQUITAINE;FR09015;Les Couronneries;Urbaine;PM10;Fond;Oui;mesures fixes;Moy. journalière;7.0;7.19;µg-m3;91.0;100;91.0;A;1;46.586958;0.358458
2025/10/21 00:00:00;2025/10/21 11:00:00;ATMO NOUVELLE-AQUITAINE;FR75ZRE02;ZR NOUVELLE-AQUITAINE;FR09103;Square Pablo Casals;Urbaine;PM10;Fond;Oui;mesures fixes;Moy. journalière;6.0;6.3;µg-m3;100.0;100;100.0;A;1;45.647428;0.167162
2025/10/21 00:00:00;2025/10/21 11:00:00;ATMO NOUVELLE-AQUITAINE;FR75ZRE02;ZR NOUVELLE-AQUITAINE;FR09106;ANGOULEME-GAMBETTA;Urbaine;PM10;Trafic;Oui;mesures fixes;Moy. journalière;11.0;11.21;µg-m3;91.0;100;91.0;A;1;45.651464;0.162391
2025/10/21 00:00:00;2025/10/21 11:00:00;ATMO NOUVELLE-AQUITAINE;FR75ZRE02;ZR NOUVELLE-AQUITAINE;FR09203;La Pallice3 LR;Urbaine;PM10;Industrielle;Oui;mesures fixes;Moy. journalière;32.0;32.25;µg-m3;91.0;100;91.0;A;1;46.161632;-1.211229
2025/10/21 00:00:00;2025/10/21 11:00:00;ATMO NOUVELLE-AQUITAINE;FR75ZRE02;ZR NOUVELLE-AQUITAINE;FR09302;Zoodyssée Chizé;Rurale régionale;PM10;Fond;Oui;mesures fixes;Moy. journalière;11.0;10.6;µg-m3;100.0;100;100.0;A;1;46.143234;-0.395913
2025/10/21 00:00:00;2025/10/21 11:00:00;ATMO NOUVELLE-AQUITAINE;FR75ZRE02;ZR NOUVELLE-AQUITAINE;FR09303;Niort Venise;Urbaine;PM10;Fond;Oui;mesures fixes;Moy. journalière;8.0;7.8636363636;µg-m3;100.0;100;100.0;R;1;46.320028;-0.482861
2025/10/21 00:00:00;2025/10/21 11:00:00;ATMO NOUVELLE-AQUITAINE;FR75ZRE02;ZR NOUVELLE-AQUITAINE;FR09304;AIRVAULT - Stade Laillé;Périurbaine;PM10;Fond;Oui;mesures fixes;Moy. journalière;11.0;11.0777777778;µg-m3;82.0;100;82.0;A;1;46.823796;-0.135634
2025/10/21 00:00:00;2025/10/21 11:00:00;ATMO NOUVELLE-AQUITAINE;FR75ZRE02;ZR NOUVELLE-AQUITAINE;FR09305;Niort - Tassigny;Urbaine;PM10;Trafic;Oui;mesures fixes;Moy. journalière;16.0;16.04;µg-m3;91.0;100;91.0;A;1;46.333881;-0.471878
2025/10/21 00:00:00;2025/10/21 11:00:00;ATMO NOUVELLE-AQUITAINE;FR75ZRE02;ZR NOUVELLE-AQUITAINE;FR09403;Poitiers-Le Nain;Urbaine;PM10;Trafic;Oui;mesures fixes;Moy. journalière;11.0;11.47;µg-m3;91.0;100;91.0;A;1;46.591231;0.34039
2025/10/21 00:00:00;2025/10/21 11:00:00;ATMO NOUVELLE-AQUITAINE;FR75ZRE02;ZR NOUVELLE-AQUITAINE;FR09404;Poitiers Centre  Augouard;Urbaine;PM10;Fond;Oui;mesures fixes;Moy. journalière;9.0;9.4636363636;µg-m3;100.0;100;100.0;A;1;46.583998;0.345582
2025/10/21 00:00:00;2025/10/21 11:00:00;ATMO HAUTS DE FRANCE;FR32ZAR01;ZAR COTE-D-OPALE;FR10004;Malo-les-Bains;Urbaine;PM10;Fond;Oui;mesures fixes;Moy. journalière;10.0;9.7636363636;µg-m3;100.0;100;100.0;A;1;51.04858;2.42004
2025/10/21 00:00:00;2025/10/21 11:00:00;ATMO HAUTS DE FRANCE;FR32ZAR01;ZAR COTE-D-OPALE;FR10012;Mardyck;Périurbaine;PM10;Industrielle;Oui;mesures indicatives;Moy. journalière;0.0;0.0;µg-m3;0.0;100;0.0;N;-1;51.01943;2.25099
2025/10/21 00:00:00;2025/10/21 11:00:00;ATMO HAUTS DE FRANCE;FR32ZAR01;ZAR COTE-D-OPALE;FR10016;Calais Berthelot;Urbaine;PM10;Fond;Oui;mesures fixes;Moy. journalière;9.0;8.8454545455;µg-m3;100.0;100;100.0;A;1;50.94729;1.84308
2025/10/21 00:00:00;2025/10/21 11:00:00;ATMO HAUTS DE FRANCE;FR32ZAR01;ZAR COTE-D-OPALE;FR10017;St Pol mer - cheminots;Urbaine;PM10;Fond;Oui;mesures fixes;Moy. journalière;8.0;8.0636363636;µg-m3;100.0;100;100.0;A;1;51.032761;2.332358
2025/10/21 00:00:00;2025/10/21 11:00:00;ATMO HAUTS DE FRANCE;FR32ZAR01;ZAR COTE-D-OPALE;FR10025;Sangatte;Périurbaine;PM10;Fond;Oui;mesures indicatives;Moy. journalière;23.0;22.6333333333;µg-m3;82.0;100;82.0;A;1;50.94989;1.76917
2025/10/21 00:00:00;2025/10/21 11:00:00;ATMO HAUTS DE FRANCE;FR32ZAR01;ZAR COTE-D-OPALE;FR10029;Cappelle la Grande;Périurbaine;PM10;Fond;Oui;mesures indicatives;Moy. journalière;13.0;12.7222222222;µg-m3;82.0;100;82.0;A;1;50.99594;2.36627
2025/10/21 00:00:00;2025/10/21 11:00:00;ATMO HAUTS DE FRANCE;FR32ZAR01;ZAR COTE-D-OPALE;FR10030;Boulogne Diderot;Urbaine;PM10;Trafic;Oui;mesures fixes;Moy. journalière;0.0;0.0;µg-m3;0.0;100;0.0;N;-1;50.717029;1.605913
2025/10/21 00:00:00;2025/10/21 11:00:00;ATMO HAUTS DE FRANCE;FR32ZAR01;ZAR COTE-D-OPALE;FR10032;Outreau;Périurbaine;PM10;Fond;Oui;mesures indicatives;Moy. journalière;11.0;10.5666666667;µg-m3;82.0;100;82.0;A;1;50.69435;1.57657
2025/10/21 00:00:00;2025/10/21 11:00:00;ATMO HAUTS DE FRANCE;FR32ZAR01;ZAR COTE-D-OPALE;FR10034;Grande-synthe;Urbaine;PM10;Industrielle;Oui;mesures fixes;Moy. journalière;8.0;8.2090909091;µg-m3;100.0;100;100.0;A;1;51.02446;2.30215
2025/10/21 00:00:00;2025/10/21 11:00:00;ATMO HAUTS DE FRANCE;FR32ZAR01;ZAR COTE-D-OPALE;FR10041;St Omer Ribot;Urbaine;PM10;Fond;Oui;mesures indicatives;Moy. journalière;9.0;9.0545454545;µg-m3;100.0;100;100.0;A;1;50.74823;2.25978
2025/10/21 00:00:00;2025/10/21 11:00:00;ATMO HAUTS DE FRANCE;FR32ZRE01;ZR HAUTS-DE-FRANCE;FR10132;Campagne les B.;Rurale régionale;PM10;Fond;Oui;mesures indicatives;Moy. journalière;10.0;9.7;µg-m3;82.0;100;82.0;A;1;50.61048;1.99145
2025/10/21 00:00:00;2025/10/21 11:00:00;ATMO HAUTS DE FRANCE;FR32ZAG02;ZAG LILLE;FR11034;Roubaix Serres;Urbaine;PM10;Trafic;Oui;mesures fixes;Moy. journalière;8.0;7.8454545455;µg-m3;100.0;100;100.0;A;1;50.706535;3.18066
2025/10/21 00:00:00;2025/10/21 11:00:00;ATMO HAUTS DE FRANCE;FR32ZAG02;ZAG LILLE;FR11038;Tourcoing Houpline;Urbaine;PM10;Fond;Oui;mesures fixes;Moy. journalière;6.0;6.4181818182;µg-m3;100.0;100;100.0;A;1;50.733333;3.173611
2025/10/21 00:00:00;2025/10/21 11:00:00;ATMO HAUTS DE FRANCE;FR32ZAG02;ZAG LILLE;FR11114;Wattignies;Périurbaine;PM10;Fond;Oui;mesures fixes;Moy. journalière;5.0;5.2545454545;µg-m3;100.0;100;100.0;A;1;50.59774;3.04946
2025/10/21 00:00:00;2025/10/21 11:00:00;ATMO OCCITANIE;FR76ZAG01;ZAG TOULOUSE;FR12004;Toulouse école m. Jacquier;Urbaine;PM10;Fond;Oui;mesures fixes;Moy. journalière;11.0;11.4181818182;µg-m3;100.0;100;100.0;A;1;43.575694;1.418064
2025/10/21 00:00:00;2025/10/21 11:00:00;ATMO OCCITANIE;FR76ZRE01;ZR OCCITANIE;FR12020;Peyrusse Vieille;Rurale nationale;PM10;Fond;Oui;mesures fixes;Moy. journalière;7.0;7.3090909091;µg/m3;100.0;100;100.0;A;1;43.6287;0.179069
2025/10/21 00:00:00;2025/10/21 11:00:00;ATMO OCCITANIE;FR76ZAG01;ZAG TOULOUSE;FR12021;Toulouse Mazades;Urbaine;PM10;Fond;Oui;mesures indicatives;Moy. journalière;9.0;9.1454545455;µg-m3;100.0;100;100.0;A;1;43.623606;1.438531
2025/10/21 00:00:00;2025/10/21 11:00:00;ATMO OCCITANIE;FR76ZRE01;ZR OCCITANIE;FR12026;Albi Delmas;Urbaine;PM10;Fond;Oui;mesures fixes;Moy. journalière;11.0;10.7272727273;µg-m3;100.0;100;100.0;A;1;43.927769;2.145897
2025/10/21 00:00:00;2025/10/21 11:00:00;ATMO OCCITANIE;FR76ZAG01;ZAG TOULOUSE;FR12030;Toulouse Berthelot;Urbaine;PM10;Fond;Oui;mesures fixes;Moy. journalière;10.0;10.0818181818;µg-m3;100.0;100;100.0;A;1;43.587344;1.444003
2025/10/21 00:00:00;2025/10/21 11:00:00;ATMO OCCITANIE;FR76ZAG01;ZAG TOULOUSE;FR12039;Toulouse-SETMI Eisenhower;Urbaine;PM10;Industrielle;Oui;mesures indicatives;Moy. journalière;8.0;7.74;µg-m3;91.0;100;91.0;A;1;43.561581;1.393261
2025/10/21 00:00:00;2025/10/21 11:00:00;ATMO OCCITANIE;FR76ZAG01;ZAG TOULOUSE;FR12040;Toulouse SETMI Chapitre;Urbaine;PM10;Industrielle;Oui;mesures indicatives;Moy. journalière;9.0;8.66;µg-m3;91.0;100;91.0;A;1;43.556375;1.403964
2025/10/21 00:00:00;2025/10/21 11:00:00;ATMO OCCITANIE;FR76ZRE01;ZR OCCITANIE;FR12042;Lourdes Lapaca;Urbaine;PM10;Fond;Oui;mesures fixes;Moy. journalière;6.0;6.4454545455;µg-m3;100.0;100;100.0;A;1;43.096247;-0.040497
2025/10/21 00:00:00;2025/10/21 11:00:00;ATMO OCCITANIE;FR76ZAG01;ZAG TOULOUSE;FR12044;Toulouse - Aéroport Blagnac côté trafic;Urbaine;PM10;Industrielle;Oui;mesures indicatives;Moy. journalière;7.0;6.89;µg-m3;91.0;100;91.0;A;1;43.633478;1.375717
2025/10/21 00:00:00;2025/10/21 11:00:00;ATMO OCCITANIE;FR76ZRE01;ZR OCCITANIE;FR12047;Bessières-ECONOTRE;Rurale près des villes;PM10;Industrielle;Oui;mesures fixes;Moy. journalière;9.0;9.3555555556;µg/m3;82.0;100;82.0;R;1;43.803139;1.595475
2025/10/21 00:00:00;2025/10/21 11:00:00;ATMO OCCITANIE;FR76ZRE01;ZR OCCITANIE;FR12052;Tarbes lycée Dupuy;Urbaine;PM10;Fond;Oui;mesures fixes;Moy. journalière;6.0;5.8363636364;µg-m3;100.0;100;100.0;A;1;43.230297;0.062339
2025/10/21 00:00:00;2025/10/21 11:00:00;ATMO OCCITANIE;FR76ZRE01;ZR OCCITANIE;FR12053;Castres stadeTravet;Urbaine;PM10;Fond;Oui;mesures fixes;Moy. journalière;12.0;12.0818181818;µg-m3;100.0;100;100.0;A;1;43.610497;2.23015
2025/10/21 00:00:00;2025/10/21 11:00:00;ATMO OCCITANIE;FR76ZAG01;ZAG TOULOUSE;FR12054;Toulouse Rte Albi;Urbaine;PM10;Trafic;Oui;mesures fixes;Moy. journalière;10.0;10.1818181818;µg-m3;100.0;100;100.0;A;1;43.643944;1.468244
2025/10/21 00:00:00;2025/10/21 11:00:00;ATMO OCCITANIE;FR76ZAG01;ZAG TOULOUSE;FR12085;Toulouse Port de l'Embouchure;Urbaine;PM10;Trafic;Oui;mesures fixes;Moy. journalière;13.0;13.2090909091;µg-m3;100.0;100;100.0;A;1;43.610386;1.4152
2025/10/21 00:00:00;2025/10/21 11:00:00;ATMO OCCITANIE;FR76ZRE01;ZR OCCITANIE;FR12095;Rodez Camonil;Urbaine;PM10;Fond;Oui;mesures fixes;Moy. journalière;7.0;7.3181818182;µg-m3;100.0;100;100.0;A;1;44.35699225;2.57070422
2025/10/21 00:00:00;2025/10/21 11:00:00;ATMO GRAND EST;FR44ZRE01;ZR GRAND-EST;FR14008;REVIN;Rurale nationale;PM10;Fond;Oui;mesures fixes;Moy. journalière;1.0;0.82;µg-m3;91.0;100;91.0;R;1;49.90778;4.63
2025/10/21 00:00:00;2025/10/21 11:00:00;ATMO GRAND EST;FR44ZAR01;ZAR REIMS;FR14010;BETHENY;Périurbaine;PM10;Fond;Oui;mesures fixes;Moy. journalière;11.0;10.69;µg-m3;91.0;100;91.0;A;1;49.28222;4.051111
2025/10/21 00:00:00;2025/10/21 11:00:00;ATMO GRAND EST;FR44ZAR01;ZAR REIMS;FR14011;DOUMER;Urbaine;PM10;Trafic;Oui;mesures fixes;Moy. journalière;11.0;10.88;µg-m3;91.0;100;91.0;A;1;49.250732;4.023064
2025/10/21 00:00:00;2025/10/21 11:00:00;ATMO GRAND EST;FR44ZAR01;ZAR REIMS;FR14012;Jean d Aulan;Urbaine;PM10;Fond;Oui;mesures fixes;Moy. journalière;9.0;9.2454545455;µg-m3;100.0;100;100.0;A;1;49.224167;4.020556
2025/10/21 00:00:00;2025/10/21 11:00:00;ATMO GRAND EST;FR44ZRE01;ZR GRAND-EST;FR14022;CHALONS;Urbaine;PM10;Fond;Oui;mesures fixes;Moy. journalière;9.0;8.61;µg-m3;91.0;100;91.0;A;1;48.962223;4.36
2025/10/21 00:00:00;2025/10/21 11:00:00;ATMO GRAND EST;FR44ZRE01;ZR GRAND-EST;FR14028;Rempart Perrier;Urbaine;PM10;Trafic;Oui;mesures fixes;Moy. journalière;14.0;13.6;µg/m3;91.0;100;91.0;A;1;49.0461;3.955911
2025/10/21 00:00:00;2025/10/21 11:00:00;ATMO GRAND EST;FR44ZRE01;ZR GRAND-EST;FR14033;STE SAVINE;Urbaine;PM10;Fond;Oui;mesures fixes;Moy. journalière;6.0;6.3;µg/m3;91.0;100;91.0;A;1;48.295002;4.050278
2025/10/21 00:00:00;2025/10/21 11:00:00;ATMO GRAND EST;FR44ZRE01;ZR GRAND-EST;FR14042;St DIZIER L. Michel;Urbaine;PM10;Fond;Oui;mesures fixes;Moy. journalière;7.0;6.7181818182;µg-m3;100.0;100;100.0;A;1;48.645836;4.966111
2025/10/21 00:00:00;2025/10/21 11:00:00;ATMO GRAND EST;FR44ZRE01;ZR GRAND-EST;FR14051;CHARLEVILLE;Urbaine;PM10;Fond;Oui;mesures fixes;Moy. journalière;7.0;7.1090909091;µg-m3;100.0;100;100.0;A;1;49.745277;4.719167
2025/10/21 00:00:00;2025/10/21 11:00:00;ATMO AUVERGNE-RHÔNE-ALPES;FR84ZAG02;ZAG GRENOBLE;FR15018;Voiron Urbain;Urbaine;PM10;Fond;Oui;mesures indicatives;Moy. journalière;3.0;3.33;µg-m3;91.0;100;91.0;A;1;45.360176;5.589419
2025/10/21 00:00:00;2025/10/21 11:00:00;ATMO AUVERGNE-RHÔNE-ALPES;FR84ZAG02;ZAG GRENOBLE;FR15038;St Martin d'Heres;Urbaine;PM10;Fond;Oui;mesures indicatives;Moy. journalière;14.0;14.2454545455;µg-m3;100.0;100;100.0;A;1;45.1828;5.7531
2025/10/21 00:00:00;2025/10/21 11:00:00;ATMO AUVERGNE-RHÔNE-ALPES;FR84ZAG02;ZAG GRENOBLE;FR15043;Grenoble Les Frenes;Urbaine;PM10;Fond;Oui;mesures indicatives;Moy. journalière;11.0;10.9181818182;µg-m3;100.0;100;100.0;A;1;45.1619;5.7356
2025/10/21 00:00:00;2025/10/21 11:00:00;ATMO AUVERGNE-RHÔNE-ALPES;FR84ZAG02;ZAG GRENOBLE;FR15045;Grenoble PeriurbSud;Périurbaine;PM10;Fond;Oui;mesures indicatives;Moy. journalière;17.0;17.49;µg-m3;91.0;100;91.0;R;1;45.0578;5.6767
2025/10/21 00:00:00;2025/10/21 11:00:00;ATMO AUVERGNE-RHÔNE-ALPES;FR84ZAG02;ZAG GRENOBLE;FR15046;Grenoble Boulevards;Urbaine;PM10;Trafic;Oui;mesures fixes;Moy. journalière;18.0;17.53;µg-m3;91.0;100;91.0;A;1;45.18069;5.720625
2025/10/21 00:00:00;2025/10/21 11:00:00;ATMO AUVERGNE-RHÔNE-ALPES;FR84ZAG02;ZAG GRENOBLE;FR15048;Gresivaudan Periurb;Périurbaine;PM10;Fond;Oui;mesures indicatives;Moy. journalière;11.0;11.2272727273;µg-m3;100.0;100;100.0;A;1;45.2797;5.8822
2025/10/21 00:00:00;2025/10/21 11:00:00;ATMO AUVERGNE-RHÔNE-ALPES;FR84ZAG02;ZAG GRENOBLE;FR15053;Rocade Sud Eybens;Urbaine;PM10;Trafic;Oui;mesures fixes;Moy. journalière;17.0;16.65;µg-m3;91.0;100;91.0;A;1;45.15467;5.74523
2025/10/21 00:00:00;2025/10/21 11:00:00;ATMO GRAND EST;FR44ZAG01;ZAG STRASBOURG;FR16029;Strasbourg Nord;Urbaine;PM10;Fond;Oui;mesures fixes;Moy. journalière;5.0;5.0636363636;µg-m3;100.0;100;100.0;A;1;48.610363;7.781631
2025/10/21 00:00:00;2025/10/21 11:00:00;ATMO GRAND EST;FR44ZAG01;ZAG STRASBOURG;FR16034;Strasbourg Clemenceau;Urbaine;PM10;Trafic;Oui;mesures fixes;Moy. journalière;8.0;7.53;µg-m3;91.0;100;91.0;A;1;48.59043;7.744983
2025/10/21 00:00:00;2025/10/21 11:00:00;ATMO GRAND EST;FR44ZRE01;ZR GRAND-EST;FR16054;Colmar Centre;Urbaine;PM10;Fond;Oui;mesures fixes;Moy. journalière;5.0;5.1;µg-m3;100.0;100;100.0;A;1;48.0744444;7.3505555
2025/10/21 00:00:00;2025/10/21 11:00:00;ATMO GRAND EST;FR44ZRE01;ZR GRAND-EST;FR16066;Mulhouse Sud 2;Urbaine;PM10;Fond;Oui;mesures fixes;Moy. journalière;7.0;6.8222222222;µg-m3;82.0;100;82.0;A;1;47.737415;7.309075
2025/10/21 00:00:00;2025/10/21 11:00:00;ATMO GRAND EST;FR44ZRE01;ZR GRAND-EST;FR16069;Mulhouse-Briand;Urbaine;PM10;Trafic;Oui;mesures fixes;Moy. journalière;4.0;4.39;µg/m3;91.0;100;91.0;A;1;47.747684;7.321364
2025/10/21 00:00:00;2025/10/21 11:00:00;ATMO GRAND EST;FR44ZAG01;ZAG STRASBOURG;FR16215;Strasbourg A35 Remparts;Urbaine;PM10;Trafic;Oui;mesures fixes;Moy. journalière;8.0;8.38;µg-m3;91.0;100;91.0;A;1;48.588056;7.729722
2025/10/21 00:00:00;2025/10/21 11:00:00;ATMO GRAND EST;FR44ZRE01;ZR GRAND-EST;FR16302;Donon Vosges Moyennes 2;Rurale nationale;PM10;Fond;Oui;mesures fixes;Moy. journalière;3.0;3.2090909091;µg-m3;100.0;100;100.0;A;1;48.492992;7.1298
2025/10/21 00:00:00;2025/10/21 11:00:00;ATMO HAUTS DE FRANCE;FR32ZAR02;ZAR AMIENS;FR18035;Salouel;Périurbaine;PM10;Fond;Oui;mesures fixes;Moy. journalière;6.0;6.3555555556;µg-m3;82.0;100;82.0;A;1;49.86889;2.239806
2025/10/21 00:00:00;2025/10/21 11:00:00;ATMO HAUTS DE FRANCE;FR32ZRE01;ZR HAUTS-DE-FRANCE;FR18039;Arrest;Rurale régionale;PM10;Fond;Oui;mesures fixes;Moy. journalière;9.0;8.7272727273;µg-m3;100.0;100;100.0;A;1;50.129448;1.610833
2025/10/21 00:00:00;2025/10/21 11:00:00;ATMO HAUTS DE FRANCE;FR32ZRE01;ZR HAUTS-DE-FRANCE;FR18042;P. Roth St Quentin;Urbaine;PM10;Fond;Oui;mesures fixes;Moy. journalière;8.0;7.9;µg-m3;100.0;100;100.0;A;1;49.851334;3.284
2025/10/21 00:00:00;2025/10/21 11:00:00;ATMO HAUTS DE FRANCE;FR32ZAR03;ZAR CREIL;FR18043;Faiencerie Creil;Urbaine;PM10;Fond;Oui;mesures fixes;Moy. journalière;11.0;10.6818181818;µg-m3;100.0;100;100.0;A;1;49.259552;2.474397
2025/10/21 00:00:00;2025/10/21 11:00:00;ATMO HAUTS DE FRANCE;FR32ZAR02;ZAR AMIENS;FR18053;St Pierre Amiens;Urbaine;PM10;Fond;Oui;mesures fixes;Moy. journalière;7.0;6.97;µg-m3;100.0;91;91.0;R;1;49.901667;2.304597
2025/10/21 00:00:00;2025/10/21 11:00:00;ATMO HAUTS DE FRANCE;FR32ZRE01;ZR HAUTS-DE-FRANCE;FR18057;Neuilly-Saint-Front;Rurale régionale;PM10;Fond;Oui;mesures indicatives;Moy. journalière;0.0;0.0;µg/m3;0.0;100;0.0;N;-1;49.174931;3.260819
2025/10/21 00:00:00;2025/10/21 11:00:00;ATMO HAUTS DE FRANCE;FR32ZRE01;ZR HAUTS-DE-FRANCE;FR18058;Gaudechart;Rurale régionale;PM10;Fond;Oui;mesures fixes;Moy. journalière;7.0;6.9125;µg-m3;100.0;73;73.0;A;1;49.61563;1.963259
2025/10/21 00:00:00;2025/10/21 11:00:00;ATMO HAUTS DE FRANCE;FR32ZRE01;ZR HAUTS-DE-FRANCE;FR18089;Trafic Beauvais 1;Urbaine;PM10;Trafic;Oui;mesures fixes;Moy. journalière;12.0;11.6;µg-m3;100.0;100;100.0;A;1;49.435932;2.084292
2025/10/21 00:00:00;2025/10/21 11:00:00;AIR BREIZH;FR53ZAG01;ZAG RENNES;FR19002;Rennes Laennec;Urbaine;PM10;Trafic;Oui;mesures fixes;Moy. journalière;12.0;12.3090909091;µg-m3;100.0;100;100.0;A;1;48.10861;-1.66586
2025/10/21 00:00:00;2025/10/21 11:00:00;AIR BREIZH;FR53ZRE01;ZR BRETAGNE;FR19020;Kergoff;Rurale nationale;PM10;Fond;Oui;mesures fixes;Moy. journalière;7.0;6.7363636364;µg-m3;100.0;100;100.0;A;1;48.261963;-2.943631
2025/10/21 00:00:00;2025/10/21 11:00:00;AIR BREIZH;FR53ZRE01;ZR BRETAGNE;FR19032;Lorient B. Bissonnet;Urbaine;PM10;Fond;Oui;mesures fixes;Moy. journalière;9.0;9.0909090909;µg-m3;100.0;100;100.0;A;1;47.7425;-3.39501
2025/10/21 00:00:00;2025/10/21 11:00:00;AIR BREIZH;FR53ZRE01;ZR BRETAGNE;FR19033;Vannes UTA;Urbaine;PM10;Fond;Oui;mesures fixes;Moy. journalière;8.0;7.9090909091;µg-m3;100.0;100;100.0;A;1;47.64892;-2.76399
2025/10/21 00:00:00;2025/10/21 11:00:00;AIR BREIZH;FR53ZRE01;ZR BRETAGNE;FR19037;Lorient Normandie;Urbaine;PM10;Trafic;Oui;mesures fixes;Moy. journalière;10.0;9.9;µg-m3;100.0;100;100.0;A;1;47.758947;-3.36938
2025/10/21 00:00:00;2025/10/21 11:00:00;AIR BREIZH;FR53ZAG01;ZAG RENNES;FR19039;Rennes Thabor;Urbaine;PM10;Fond;Oui;mesures fixes;Moy. journalière;11.0;11.1272727273;µg-m3;100.0;100;100.0;A;1;48.11521;-1.673088
2025/10/21 00:00:00;2025/10/21 11:00:00;AIR BREIZH;FR53ZRE01;ZR BRETAGNE;FR19053;Quimper Zola;Urbaine;PM10;Fond;Oui;mesures fixes;Moy. journalière;9.0;8.8818181818;µg-m3;100.0;100;100.0;A;1;47.986606;-4.097658
2025/10/21 00:00:00;2025/10/21 11:00:00;AIR BREIZH;FR53ZRE01;ZR BRETAGNE;FR19082;StMalo Rocabey;Périurbaine;PM10;Fond;Oui;mesures fixes;Moy. journalière;11.0;11.49;µg-m3;91.0;100;91.0;A;1;48.65306;-2.00268
2025/10/21 00:00:00;2025/10/21 11:00:00;ATMO AUVERGNE-RHÔNE-ALPES;FR84ZAG01;ZAG LYON;FR20013;A7 SUD LYONNAIS;Périurbaine;PM10;Trafic;Oui;mesures fixes;Moy. journalière;0.0;0.0;µg-m3;0.0;100;0.0;N;-1;45.720024;4.818156
2025/10/21 00:00:00;2025/10/21 11:00:00;ATMO AUVERGNE-RHÔNE-ALPES;FR84ZAG01;ZAG LYON;FR20017;GERLAND;Urbaine;PM10;Fond;Oui;mesures indicatives;Moy. journalière;9.0;8.7545454545;µg-m3;100.0;100;100.0;A;1;45.73529;4.829794
2025/10/21 00:00:00;2025/10/21 11:00:00;ATMO AUVERGNE-RHÔNE-ALPES;FR84ZAG01;ZAG LYON;FR20029;FEYZIN STADE;Périurbaine;PM10;Industrielle;Oui;mesures indicatives;Moy. journalière;11.0;11.09;µg-m3;91.0;100;91.0;A;1;45.6639;4.8459
2025/10/21 00:00:00;2025/10/21 11:00:00;ATMO AUVERGNE-RHÔNE-ALPES;FR84ZAG01;ZAG LYON;FR20047;COTIERE AIN;Périurbaine;PM10;Fond;Oui;mesures indicatives;Moy. journalière;8.0;7.91;µg-m3;91.0;100;91.0;A;1;45.823223;4.953958
2025/10/21 00:00:00;2025/10/21 11:00:00;ATMO AUVERGNE-RHÔNE-ALPES;FR84ZAG01;ZAG LYON;FR20048;SAINT EXUPERY;Périurbaine;PM10;Fond;Oui;mesures indicatives;Moy. journalière;6.0;5.8666666667;µg-m3;82.0;100;82.0;A;1;45.7533;5.0722
2025/10/21 00:00:00;2025/10/21 11:00:00;ATMO AUVERGNE-RHÔNE-ALPES;FR84ZAG01;ZAG LYON;FR20062;LYON Centre;Urbaine;PM10;Fond;Oui;mesures fixes;Moy. journalière;11.0;11.0727272727;µg-m3;100.0;100;100.0;A;1;45.757732;4.854214
2025/10/21 00:00:00;2025/10/21 11:00:00;ATMO AUVERGNE-RHÔNE-ALPES;FR84ZAG01;ZAG LYON;FR20069;Lyon Périphérique;Urbaine;PM10;Trafic;Oui;mesures fixes;Moy. journalière;10.0;10.38;µg-m3;91.0;100;91.0;R;1;45.77482;4.898572
2025/10/21 00:00:00;2025/10/21 11:00:00;ATMO AUVERGNE-RHÔNE-ALPES;FR84ZAG01;ZAG LYON;FR20070;LYON TRAFIC JAURES;Urbaine;PM10;Trafic;Oui;mesures fixes;Moy. journalière;16.0;16.05;µg-m3;91.0;100;91.0;A;1;45.7496944;4.84438888888888
2025/10/21 00:00:00;2025/10/21 11:00:00;ATMO AUVERGNE-RHÔNE-ALPES;FR84ZAG01;ZAG LYON;FR20077;Villefranche Centre ;Urbaine;PM10;Fond;Oui;mesures fixes;Moy. journalière;8.0;8.0363636364;µg-m3;100.0;100;100.0;A;1;45.990112;4.715566
2025/10/21 00:00:00;2025/10/21 11:00:00;ATMO NORMANDIE;FR28ZAR02;ZAR CAEN;FR21001;Caen Chemin-Vert;Urbaine;PM10;Fond;Oui;mesures fixes;Moy. journalière;9.0;8.5454545455;µg-m3;100.0;100;100.0;A;1;49.19222;-0.391111
2025/10/21 00:00:00;2025/10/21 11:00:00;ATMO NORMANDIE;FR28ZAR02;ZAR CAEN;FR21019;IFS Caen sud;Urbaine;PM10;Fond;Oui;mesures fixes;Moy. journalière;11.0;10.85;µg-m3;91.0;100;91.0;A;1;49.15167;-0.352778
2025/10/21 00:00:00;2025/10/21 11:00:00;ATMO NORMANDIE;FR28ZRE02;ZR NORMANDIE;FR21031;Alençon Météo-France;Périurbaine;PM10;Fond;Oui;mesures fixes;Moy. journalière;9.0;8.5454545455;µg-m3;100.0;100;100.0;A;1;48.445553;0.110833
2025/10/21 00:00:00;2025/10/21 11:00:00;ATMO NORMANDIE;FR28ZRE02;ZR NORMANDIE;FR21038;Cherbourg Hotel de Ville;Urbaine;PM10;Fond;Oui;mesures fixes;Moy. journalière;11.0;10.9818181818;µg-m3;100.0;100;100.0;A;1;49.64225;-1.624361
2025/10/21 00:00:00;2025/10/21 11:00:00;ATMO NORMANDIE;FR28ZRE02;ZR NORMANDIE;FR21039;Cherbourg PMF;Urbaine;PM10;Trafic;Oui;mesures fixes;Moy. journalière;15.0;14.72;µg-m3;91.0;100;91.0;A;1;49.6338888888888;-1.62472222221668
2025/10/21 00:00:00;2025/10/21 11:00:00;ATMO NORMANDIE;FR28ZRE02;ZR NORMANDIE;FR21040;Saint-Lô Eglise;Urbaine;PM10;Fond;Oui;mesures fixes;Moy. journalière;11.0;10.7909090909;µg-m3;100.0;100;100.0;A;1;49.11639;-1.084722
2025/10/21 00:00:00;2025/10/21 11:00:00;ATMO NORMANDIE;FR28ZRE02;ZR NORMANDIE;FR21050;La Coulonche MERA;Rurale nationale;PM10;Fond;Oui;mesures fixes;Moy. journalière;9.0;8.5909090909;µg-m3;100.0;100;100.0;A;1;48.645;-0.458333
2025/10/21 00:00:00;2025/10/21 11:00:00;ATMO GRAND EST;FR44ZRE01;ZR GRAND-EST;FR22009;Ecole de Carling(9);Périurbaine;PM10;Industrielle;Oui;mesures fixes;Moy. journalière;6.0;5.94;µg-m3;91.0;100;91.0;A;1;49.165726;6.716886
2025/10/21 00:00:00;2025/10/21 11:00:00;ATMO GRAND EST;FR44ZRE01;ZR GRAND-EST;FR22054;Station de FORBACH;Urbaine;PM10;Fond;Oui;mesures fixes;Moy. journalière;7.0;6.81;µg-m3;91.0;100;91.0;A;1;49.18742;6.910867
2025/10/21 00:00:00;2025/10/21 10:00:00;AIR PAYS DE LA LOIRE;FR52ZAG01;ZAG NANTES-SAINT-NAZAIRE;FR23003;LA MEGRETAIS;Périurbaine;PM10;Industrielle;Oui;mesures fixes;Moy. journalière;10.0;9.9;µg-m3;80.0;100;80.0;R;1;47.322706;-2.039244
2025/10/21 00:00:00;2025/10/21 10:00:00;AIR PAYS DE LA LOIRE;FR52ZRE01;ZR PAYS-DE-LA-LOIRE;FR23068;FROSSAY;Rurale près des villes;PM10;Industrielle;Oui;mesures fixes;Moy. journalière;9.0;9.05;µg-m3;100.0;100;100.0;A;1;47.24747;-1.936619
2025/10/21 00:00:00;2025/10/21 10:00:00;AIR PAYS DE LA LOIRE;FR52ZAG01;ZAG NANTES-SAINT-NAZAIRE;FR23070;S ETIENNE DE MONTLUC;Périurbaine;PM10;Industrielle;Oui;mesures fixes;Moy. journalière;9.0;8.78;µg-m3;100.0;100;100.0;A;1;47.28318;-1.783164
2025/10/21 00:00:00;2025/10/21 10:00:00;AIR PAYS DE LA LOIRE;FR52ZRE01;ZR PAYS-DE-LA-LOIRE;FR23078;SAINT EXUPERY;Urbaine;PM10;Fond;Oui;mesures fixes;Moy. journalière;11.0;10.66;µg-m3;100.0;100;100.0;A;1;47.054443;-0.886111
2025/10/21 00:00:00;2025/10/21 10:00:00;AIR PAYS DE LA LOIRE;FR52ZAG01;ZAG NANTES-SAINT-NAZAIRE;FR23110;LEON BLUM;Urbaine;PM10;Fond;Oui;mesures fixes;Moy. journalière;10.0;9.75;µg-m3;100.0;100;100.0;A;1;47.26412;-2.249858
2025/10/21 00:00:00;2025/10/21 10:00:00;AIR PAYS DE LA LOIRE;FR52ZAR01;ZAR ANGERS-LOIRE;FR23120;BEAUX ARTS;Urbaine;PM10;Fond;Oui;mesures fixes;Moy. journalière;10.0;10.31;µg-m3;100.0;100;100.0;R;1;47.468513;-0.556053
2025/10/21 00:00:00;2025/10/21 10:00:00;AIR PAYS DE LA LOIRE;FR52ZAR03;ZAR LAVAL;FR23123;MAZAGRAN;Urbaine;PM10;Fond;Oui;mesures fixes;Moy. journalière;13.0;12.97;µg-m3;100.0;100;100.0;A;1;48.06943;-0.767692
2025/10/21 00:00:00;2025/10/21 10:00:00;AIR PAYS DE LA LOIRE;FR52ZRE01;ZR PAYS-DE-LA-LOIRE;FR23124;LA TARDIERE;Rurale nationale;PM10;Fond;Oui;mesures fixes;Moy. journalière;11.0;11.28;µg-m3;100.0;100;100.0;A;1;46.656685;-0.743681
2025/10/21 00:00:00;2025/10/21 10:00:00;AIR PAYS DE LA LOIRE;FR52ZRE01;ZR PAYS-DE-LA-LOIRE;FR23152;DELACROIX;Urbaine;PM10;Fond;Oui;mesures fixes;Moy. journalière;12.0;12.09;µg-m3;100.0;100;100.0;A;1;46.6607;-1.436831
2025/10/21 00:00:00;2025/10/21 10:00:00;AIR PAYS DE LA LOIRE;FR52ZRE01;ZR PAYS-DE-LA-LOIRE;FR23177;SAINT-DENIS D'ANJOU;Rurale régionale;PM10;Fond;Oui;mesures fixes;Moy. journalière;9.0;9.01;µg-m3;100.0;100;100.0;A;1;47.78773;-0.444044
2025/10/21 00:00:00;2025/10/21 10:00:00;AIR PAYS DE LA LOIRE;FR52ZAG01;ZAG NANTES-SAINT-NAZAIRE;FR23178;PARSCAU DU PLESSIS;Périurbaine;PM10;Industrielle;Oui;mesures fixes;Moy. journalière;10.0;10.3;µg-m3;100.0;100;100.0;A;1;47.319157;-2.066953
2025/10/21 00:00:00;2025/10/21 10:00:00;AIR PAYS DE LA LOIRE;FR52ZAR02;ZAR LE-MANS;FR23182;SOURCES;Urbaine;PM10;Fond;Oui;mesures fixes;Moy. journalière;10.0;9.73;µg-m3;100.0;100;100.0;A;1;47.971066;0.221422
2025/10/21 00:00:00;2025/10/21 10:00:00;AIR PAYS DE LA LOIRE;FR52ZAG01;ZAG NANTES-SAINT-NAZAIRE;FR23188;CIM BOUTEILLERIE;Urbaine;PM10;Fond;Oui;mesures fixes;Moy. journalière;11.0;10.6;µg-m3;100.0;100;100.0;A;1;47.2225;-1.5375
2025/10/21 00:00:00;2025/10/21 10:00:00;AIR PAYS DE LA LOIRE;FR52ZAG01;ZAG NANTES-SAINT-NAZAIRE;FR23238;LEVOYER;Urbaine;PM10;Industrielle;Oui;mesures fixes;Moy. journalière;11.0;11.26;µg-m3;100.0;100;100.0;A;1;47.1941472;-1.581677778
2025/10/21 00:00:00;2025/10/21 10:00:00;AIR PAYS DE LA LOIRE;FR52ZAG01;ZAG NANTES-SAINT-NAZAIRE;FR23239;LES COUETS;Urbaine;PM10;Industrielle;Oui;mesures fixes;Moy. journalière;9.0;8.82;µg-m3;100.0;100;100.0;A;1;47.1859194;-1.59149722222222
2025/10/21 00:00:00;2025/10/21 10:00:00;AIR PAYS DE LA LOIRE;FR52ZAR01;ZAR ANGERS-LOIRE;FR23242;ROI RENE;Urbaine;PM10;Trafic;Oui;mesures fixes;Moy. journalière;10.0;10.21;µg-m3;100.0;100;100.0;A;1;47.466992;-0.554686
2025/10/21 00:00:00;2025/10/21 10:00:00;AIR PAYS DE LA LOIRE;FR52ZAG01;ZAG NANTES-SAINT-NAZAIRE;FR23249;CAME;Périurbaine;PM10;Industrielle;Oui;mesures fixes;Moy. journalière;10.0;9.65;µg-m3;100.0;100;100.0;A;1;47.3210778;-2.127322
2025/10/21 00:00:00;2025/10/21 10:00:00;AIR PAYS DE LA LOIRE;FR52ZAG01;ZAG NANTES-SAINT-NAZAIRE;FR23251;FRERES GONCOURT;Urbaine;PM10;Trafic;Oui;mesures fixes;Moy. journalière;17.0;17.29;µg-m3;100.0;100;100.0;A;1;47.204122;-1.564811
2025/10/21 00:00:00;2025/10/21 11:00:00;ATMO SUD;FR93ZAG02;ZAG NICE;FR24009;CANNES BROUSSAILLES;Urbaine;PM10;Fond;Oui;mesures fixes;Moy. journalière;9.0;8.6545454545;µg-m3;100.0;100;100.0;A;1;43.558389;7.005919
2025/10/21 00:00:00;2025/10/21 11:00:00;ATMO SUD;FR93ZAG02;ZAG NICE;FR24021;PEILLON;Périurbaine;PM10;Industrielle;Oui;mesures fixes;Moy. journalière;12.0;11.5181818182;µg-m3;100.0;100;100.0;A;1;43.786583;7.373283
2025/10/21 00:00:00;2025/10/21 11:00:00;ATMO SUD;FR93ZRE02;ZR PROVENCE-ALPES-COTE-D-AZUR;FR24033;GAP COMMANDERIE;Urbaine;PM10;Fond;Oui;mesures fixes;Moy. journalière;9.0;9.2;µg-m3;91.0;100;91.0;A;1;44.555193;6.073015
2025/10/21 00:00:00;2025/10/21 11:00:00;ATMO SUD;FR93ZAG02;ZAG NICE;FR24035;NICE PROMENADE;Urbaine;PM10;Trafic;Oui;mesures fixes;Moy. journalière;13.0;12.68;µg-m3;91.0;100;91.0;A;1;43.689291;7.242074
2025/10/21 00:00:00;2025/10/21 11:00:00;ATMO SUD;FR93ZAG02;ZAG NICE;FR24036;NICE ARSON;Urbaine;PM10;Fond;Oui;mesures fixes;Moy. journalière;10.0;10.4555555556;µg-m3;82.0;100;82.0;R;1;43.702075;7.286256
2025/10/21 00:00:00;2025/10/21 11:00:00;ATMO SUD;FR93ZRE02;ZR PROVENCE-ALPES-COTE-D-AZUR;FR24038;GAP JEAN JAURES;Urbaine;PM10;Trafic;Oui;mesures fixes;Moy. journalière;12.0;11.74;µg-m3;91.0;100;91.0;A;1;44.548647;6.067237
2025/10/21 00:00:00;2025/10/21 11:00:00;ATMO SUD;FR93ZRE02;ZR PROVENCE-ALPES-COTE-D-AZUR;FR24039;Obs Haute-Provence;Rurale près des villes;PM10;Fond;Oui;mesures fixes;Moy. journalière;4.0;3.7090909091;µg-m3;100.0;100;100.0;A;1;43.933476;5.711809
2025/10/21 00:00:00;2025/10/21 11:00:00;ATMO NORMANDIE;FR28ZAG01;ZAG ROUEN;FR25035;Gd Couronne Mairie;Urbaine;PM10;Industrielle;Oui;mesures fixes;Moy. journalière;8.0;8.1454545455;µg-m3;100.0;100;100.0;R;1;49.358215;1.007853
2025/10/21 00:00:00;2025/10/21 11:00:00;ATMO NORMANDIE;FR28ZAG01;ZAG ROUEN;FR25036;Espace du Palais;Urbaine;PM10;Fond;Oui;mesures fixes;Moy. journalière;11.0;11.1090909091;µg-m3;100.0;100;100.0;A;1;49.442358;1.093789
2025/10/21 00:00:00;2025/10/21 11:00:00;ATMO NORMANDIE;FR28ZRE02;ZR NORMANDIE;FR25039;Evreux Centre;Urbaine;PM10;Fond;Oui;mesures fixes;Moy. journalière;8.0;8.1181818182;µg-m3;100.0;100;100.0;A;1;49.02134;1.148319
2025/10/21 00:00:00;2025/10/21 11:00:00;ATMO NORMANDIE;FR28ZAG01;ZAG ROUEN;FR25043;Centre Hospitalier;Urbaine;PM10;Fond;Oui;mesures fixes;Moy. journalière;8.0;7.8545454545;µg-m3;100.0;100;100.0;A;1;49.4005;1.099042
2025/10/21 00:00:00;2025/10/21 11:00:00;ATMO NORMANDIE;FR28ZAG01;ZAG ROUEN;FR25048;Petit Quevilly;Urbaine;PM10;Fond;Oui;mesures fixes;Moy. journalière;10.0;9.9090909091;µg-m3;100.0;100;100.0;A;1;49.42815;1.058025
2025/10/21 00:00:00;2025/10/21 11:00:00;ATMO NORMANDIE;FR28ZRE02;ZR NORMANDIE;FR25049;Base loisirs Poses;Rurale près des villes;PM10;Fond;Oui;mesures fixes;Moy. journalière;8.0;7.9;µg-m3;100.0;100;100.0;A;1;49.30487;1.214367
2025/10/21 00:00:00;2025/10/21 11:00:00;ATMO NORMANDIE;FR28ZRE02;ZR NORMANDIE;FR25051;Dieppe prox-auto;Urbaine;PM10;Trafic;Oui;mesures fixes;Moy. journalière;10.0;10.3;µg-m3;91.0;100;91.0;A;1;49.918007;1.073972
2025/10/21 00:00:00;2025/10/21 11:00:00;ATMO NORMANDIE;FR28ZAG01;ZAG ROUEN;FR25053;Rouen Proxi Quai de Paris;Urbaine;PM10;Trafic;Oui;mesures fixes;Moy. journalière;10.0;10.36;µg-m3;91.0;100;91.0;A;1;49.436699;1.098838
2025/10/21 00:00:00;2025/10/21 11:00:00;ATMO NORMANDIE;FR28ZAG01;ZAG ROUEN;FR25054;Petit-Quevilly Sud 3;Urbaine;PM10;Trafic;Oui;mesures fixes;Moy. journalière;11.0;10.8090909091;µg-m3;100.0;100;100.0;A;1;49.4341639;1.067052778
2025/10/21 00:00:00;2025/10/21 11:00:00;ATMO NORMANDIE;FR28ZRE02;ZR NORMANDIE;FR25055;Dieppe Golf;Périurbaine;PM10;Fond;Oui;mesures fixes;Moy. journalière;7.0;7.2818181818;µg-m3;100.0;100;100.0;A;1;49.920492;1.047892
2025/10/21 00:00:00;2025/10/21 11:00:00;ATMO BOURGOGNE-FRANCHE-COMTE;FR27ZAR02;ZAR DIJON;FR26005;Dijon Péjoces;Périurbaine;PM10;Fond;Oui;mesures fixes;Moy. journalière;5.0;4.625;µg-m3;73.0;100;73.0;N;-1;47.307368;5.065881
2025/10/21 00:00:00;2025/10/21 11:00:00;ATMO BOURGOGNE-FRANCHE-COMTE;FR27ZRE01;ZR BOURGOGNE-FRANCHE-COMTE;FR26012;Morvan;Rurale nationale;PM10;Fond;Oui;mesures fixes;Moy. journalière;3.0;2.76;µg-m3;91.0;100;91.0;A;1;47.274762;4.099476
2025/10/21 00:00:00;2025/10/21 11:00:00;ATMO BOURGOGNE-FRANCHE-COMTE;FR27ZAR02;ZAR DIJON;FR26014;Dijon Trémouille;Urbaine;PM10;Fond;Oui;mesures fixes;Moy. journalière;5.0;4.66;µg-m3;91.0;100;91.0;A;1;47.325744;5.041056
2025/10/21 00:00:00;2025/10/21 11:00:00;ATMO BOURGOGNE-FRANCHE-COMTE;FR27ZRE01;ZR BOURGOGNE-FRANCHE-COMTE;FR26016;Sens;Urbaine;PM10;Fond;Oui;mesures fixes;Moy. journalière;7.0;6.92;µg-m3;91.0;100;91.0;A;1;48.200436;3.2773
2025/10/21 00:00:00;2025/10/21 11:00:00;ATMO BOURGOGNE-FRANCHE-COMTE;FR27ZRE01;ZR BOURGOGNE-FRANCHE-COMTE;FR26017;Nevers;Urbaine;PM10;Fond;Oui;mesures fixes;Moy. journalière;4.0;3.85;µg-m3;55.0;100;55.0;N;-1;46.996828;3.171092
2025/10/21 00:00:00;2025/10/21 11:00:00;ATMO BOURGOGNE-FRANCHE-COMTE;FR27ZRE01;ZR BOURGOGNE-FRANCHE-COMTE;FR26019;Auxerre;Urbaine;PM10;Fond;Oui;mesures fixes;Moy. journalière;5.0;5.4181818182;µg-m3;100.0;100;100.0;A;1;47.800575;3.576189
2025/10/21 00:00:00;2025/10/21 11:00:00;ATMO BOURGOGNE-FRANCHE-COMTE;FR27ZAR02;ZAR DIJON;FR26094;Dijon Ardennes;Urbaine;PM10;Trafic;Oui;mesures fixes;Moy. journalière;7.0;7.03;µg-m3;91.0;100;91.0;A;1;47.351367;5.070706
2025/10/21 00:00:00;2025/10/21 11:00:00;ATMO AUVERGNE-RHÔNE-ALPES;FR84ZAR02;ZAR VALLEE-DU-RHONE;FR27002;ROUSSILLON;Urbaine;PM10;Fond;Oui;mesures indicatives;Moy. journalière;8.0;8.09;µg-m3;91.0;100;91.0;A;1;45.36782;4.805147
2025/10/21 00:00:00;2025/10/21 11:00:00;ATMO AUVERGNE-RHÔNE-ALPES;FR84ZAG01;ZAG LYON;FR27007;Bourgoin-Jallieu;Urbaine;PM10;Fond;Oui;mesures indicatives;Moy. journalière;6.0;5.6;µg-m3;100.0;100;100.0;A;1;45.60822;5.270872
2025/10/21 00:00:00;2025/10/21 11:00:00;ATMO AUVERGNE-RHÔNE-ALPES;FR84ZAR02;ZAR VALLEE-DU-RHONE;FR27011;A7 Salaise Ouest;Périurbaine;PM10;Trafic;Oui;mesures indicatives;Moy. journalière;11.0;10.79;µg-m3;91.0;100;91.0;A;1;45.344078;4.807481
2025/10/21 00:00:00;2025/10/21 11:00:00;ATMO HAUTS DE FRANCE;FR32ZAR04;ZAR ARRAS;FR28022;St-Laurent-Blangy;Périurbaine;PM10;Fond;Oui;mesures fixes;Moy. journalière;7.0;6.5777777778;µg-m3;82.0;100;82.0;A;1;50.30886;2.807369
2025/10/21 00:00:00;2025/10/21 11:00:00;ATMO HAUTS DE FRANCE;FR32ZAG01;ZAG BLDV;FR28028;Bethune Stade;Urbaine;PM10;Fond;Oui;mesures fixes;Moy. journalière;6.0;5.5181818182;µg-m3;100.0;100;100.0;A;1;50.535385;2.635692
2025/10/21 00:00:00;2025/10/21 11:00:00;ATMO HAUTS DE FRANCE;FR32ZAG01;ZAG BLDV;FR28033;Noeux-les-Mines;Périurbaine;PM10;Fond;Oui;mesures indicatives;Moy. journalière;10.0;10.0111111111;µg-m3;82.0;100;82.0;A;1;50.48972;2.66642
2025/10/21 00:00:00;2025/10/21 11:00:00;ATMO AUVERGNE-RHÔNE-ALPES;FR84ZRE02;ZR AUVERGNE-RHONE-ALPES;FR29423;ROANNE;Urbaine;PM10;Fond;Oui;mesures indicatives;Moy. journalière;5.0;5.14;µg-m3;91.0;100;91.0;A;1;46.04111;4.074656
2025/10/21 00:00:00;2025/10/21 11:00:00;ATMO AUVERGNE-RHÔNE-ALPES;FR84ZAG03;ZAG SAINT-ETIENNE;FR29424;SAINT ETIENNE SUD;Urbaine;PM10;Fond;Oui;mesures fixes;Moy. journalière;5.0;4.7181818182;µg-m3;100.0;100;100.0;A;1;45.42009;4.395422
2025/10/21 00:00:00;2025/10/21 11:00:00;ATMO AUVERGNE-RHÔNE-ALPES;FR84ZAG03;ZAG SAINT-ETIENNE;FR29439;LA TALAUDIERE;Périurbaine;PM10;Fond;Oui;mesures indicatives;Moy. journalière;4.0;4.4090909091;µg-m3;100.0;100;100.0;A;1;45.481777;4.429667
2025/10/21 00:00:00;2025/10/21 11:00:00;ATMO AUVERGNE-RHÔNE-ALPES;FR84ZAG03;ZAG SAINT-ETIENNE;FR29441;ST ETIENNE BD URBAIN ;Urbaine;PM10;Trafic;Oui;mesures fixes;Moy. journalière;8.0;8.39;µg-m3;91.0;100;91.0;A;1;45.4479806;4.388763889
2025/10/21 00:00:00;2025/10/21 11:00:00;ATMO GRAND EST;FR44ZRE01;ZR GRAND-EST;FR30019;Epinal;Urbaine;PM10;Fond;Oui;mesures fixes;Moy. journalière;5.0;4.7272727273;µg-m3;100.0;100;100.0;A;1;48.1726528;6.45281666
2025/10/21 00:00:00;2025/10/21 11:00:00;ATMO GRAND EST;FR44ZAG03;ZAG NANCY;FR30021;Fléville;Périurbaine;PM10;Fond;Oui;mesures fixes;Moy. journalière;9.0;8.67;µg-m3;91.0;100;91.0;A;1;48.621502;6.194922
2025/10/21 00:00:00;2025/10/21 11:00:00;ATMO GRAND EST;FR44ZRE01;ZR GRAND-EST;FR30027;Frolois;Urbaine;PM10;Industrielle;Oui;mesures fixes;Moy. journalière;4.0;3.79;µg-m3;91.0;100;91.0;A;1;48.565445;6.129578
2025/10/21 00:00:00;2025/10/21 11:00:00;ATMO GRAND EST;FR44ZAG03;ZAG NANCY;FR30030;Neuves-Maisons;Urbaine;PM10;Industrielle;Oui;mesures fixes;Moy. journalière;3.0;3.1181818182;µg-m3;100.0;100;100.0;A;1;48.614914;6.107672
2025/10/21 00:00:00;2025/10/21 11:00:00;ATMO GRAND EST;FR44ZRE01;ZR GRAND-EST;FR30032;Heming;Rurale près des villes;PM10;Industrielle;Oui;mesures fixes;Moy. journalière;6.0;6.3363636364;µg-m3;100.0;100;100.0;A;1;48.694725;6.965275
2025/10/21 00:00:00;2025/10/21 11:00:00;ATMO GRAND EST;FR44ZRE01;ZR GRAND-EST;FR30033;Jonville en Woevre;Rurale régionale;PM10;Fond;Oui;mesures fixes;Moy. journalière;7.0;6.86;µg-m3;91.0;100;91.0;R;1;49.06583;5.785556
2025/10/21 00:00:00;2025/10/21 11:00:00;ATMO GRAND EST;FR44ZAG03;ZAG NANCY;FR30034;Nancy-Charles III;Urbaine;PM10;Fond;Oui;mesures fixes;Moy. journalière;4.0;4.1545454545;µg-m3;100.0;100;100.0;A;1;48.68817;6.190431
2025/10/21 00:00:00;2025/10/21 11:00:00;ATMO NOUVELLE-AQUITAINE;FR75ZAG01;ZAG BORDEAUX;FR31001;GRAND PARC;Urbaine;PM10;Fond;Oui;mesures fixes;Moy. journalière;10.0;10.3;µg-m3;91.0;100;91.0;A;1;44.86121;-0.58037
2025/10/21 00:00:00;2025/10/21 11:00:00;ATMO NOUVELLE-AQUITAINE;FR75ZAG01;ZAG BORDEAUX;FR31002;TALENCE;Urbaine;PM10;Fond;Oui;mesures fixes;Moy. journalière;10.0;9.5454545455;µg-m3;100.0;100;100.0;A;1;44.800462;-0.589398
2025/10/21 00:00:00;2025/10/21 11:00:00;ATMO NOUVELLE-AQUITAINE;FR75ZAG01;ZAG BORDEAUX;FR31006;MERIGNAC;Urbaine;PM10;Trafic;Oui;mesures fixes;Moy. journalière;13.0;12.8;µg-m3;91.0;100;91.0;A;1;44.841373;-0.651068
2025/10/21 00:00:00;2025/10/21 11:00:00;ATMO NOUVELLE-AQUITAINE;FR75ZAG01;ZAG BORDEAUX;FR31007;BASSENS;Urbaine;PM10;Fond;Oui;mesures fixes;Moy. journalière;9.0;9.4272727273;µg-m3;100.0;100;100.0;A;1;44.900296;-0.515835
2025/10/21 00:00:00;2025/10/21 11:00:00;ATMO NOUVELLE-AQUITAINE;FR75ZRE02;ZR NOUVELLE-AQUITAINE;FR31013;BILLERE;Urbaine;PM10;Fond;Oui;mesures fixes;Moy. journalière;7.0;6.5181818182;µg-m3;100.0;100;100.0;A;1;43.310797;-0.391543
2025/10/21 00:00:00;2025/10/21 11:00:00;ATMO NOUVELLE-AQUITAINE;FR75ZAG02;ZAG BAYONNE;FR31016;SAINT-CROUTS;Urbaine;PM10;Fond;Oui;mesures fixes;Moy. journalière;0.0;0.0;µg-m3;0.0;100;0.0;N;-1;43.47982;-1.489157
2025/10/21 00:00:00;2025/10/21 11:00:00;ATMO NOUVELLE-AQUITAINE;FR75ZAG02;ZAG BAYONNE;FR31017;ANGLET;Urbaine;PM10;Trafic;Oui;mesures fixes;Moy. journalière;19.0;18.93;µg-m3;91.0;100;91.0;A;1;43.494041;-1.528753
2025/10/21 00:00:00;2025/10/21 11:00:00;ATMO NOUVELLE-AQUITAINE;FR75ZRE02;ZR NOUVELLE-AQUITAINE;FR31021;LABASTIDE CEZERACQ;Rurale près des villes;PM10;Fond;Oui;mesures fixes;Moy. journalière;3.0;2.63;µg-m3;91.0;100;91.0;A;1;43.376279;-0.538206
2025/10/21 00:00:00;2025/10/21 11:00:00;ATMO NOUVELLE-AQUITAINE;FR75ZRE02;ZR NOUVELLE-AQUITAINE;FR31026;TARTAS Pelletrin;Périurbaine;PM10;Industrielle;Oui;mesures fixes;Moy. journalière;10.0;9.62;µg-m3;91.0;100;91.0;A;1;43.838876;-0.81203
2025/10/21 00:00:00;2025/10/21 11:00:00;ATMO NOUVELLE-AQUITAINE;FR75ZRE02;ZR NOUVELLE-AQUITAINE;FR31033;PERIGUEUX;Urbaine;PM10;Fond;Oui;mesures fixes;Moy. journalière;6.0;6.1454545455;µg-m3;100.0;100;100.0;A;1;45.189825;0.727184
2025/10/21 00:00:00;2025/10/21 11:00:00;ATMO NOUVELLE-AQUITAINE;FR75ZRE02;ZR NOUVELLE-AQUITAINE;FR31039;PAU TOURASSE;Urbaine;PM10;Trafic;Oui;mesures fixes;Moy. journalière;14.0;13.94;µg-m3;91.0;100;91.0;A;1;43.311091;-0.352116
2025/10/21 00:00:00;2025/10/21 11:00:00;ATMO NOUVELLE-AQUITAINE;FR75ZRE02;ZR NOUVELLE-AQUITAINE;FR31040;MARMANDE;Périurbaine;PM10;Trafic;Oui;mesures fixes;Moy. journalière;14.0;14.26;µg-m3;91.0;100;91.0;A;1;44.508782;0.142695
2025/10/21 00:00:00;2025/10/21 11:00:00;ATMO NOUVELLE-AQUITAINE;FR75ZAG02;ZAG BAYONNE;FR31043;Biarritz-hippodrome;Périurbaine;PM10;Fond;Oui;mesures fixes;Moy. journalière;16.0;16.06;µg-m3;91.0;100;91.0;A;1;43.470237;-1.553876
2025/10/21 00:00:00;2025/10/21 11:00:00;ATMO NOUVELLE-AQUITAINE;FR75ZRE02;ZR NOUVELLE-AQUITAINE;FR31055;MONT-DE-MARSAN - MIDOUZE;Urbaine;PM10;Fond;Oui;mesures fixes;Moy. journalière;8.0;8.0181818182;µg-m3;100.0;100;100.0;A;1;43.888972;-0.507028
2025/10/21 00:00:00;2025/10/21 11:00:00;ATMO NOUVELLE-AQUITAINE;FR75ZAG01;ZAG BORDEAUX;FR31057;Floirac Branne;Urbaine;PM10;Trafic;Oui;mesures fixes;Moy. journalière;12.0;11.62;µg-m3;91.0;100;91.0;A;1;44.84341;-0.50698
2025/10/21 00:00:00;2025/10/21 11:00:00;ATMO BOURGOGNE-FRANCHE-COMTE;FR27ZAR04;ZAR CHALON;FR32002;Champforgueil;Périurbaine;PM10;Fond;Oui;mesures fixes;Moy. journalière;10.0;9.58;µg-m3;91.0;100;91.0;A;1;46.821056;4.835083
2025/10/21 00:00:00;2025/10/21 11:00:00;ATMO BOURGOGNE-FRANCHE-COMTE;FR27ZRE01;ZR BOURGOGNE-FRANCHE-COMTE;FR32005;Montceau-les-Mines 9me écluse;Urbaine;PM10;Fond;Oui;mesures fixes;Moy. journalière;9.0;9.04;µg-m3;91.0;100;91.0;A;1;46.678785;4.366893
2025/10/21 00:00:00;2025/10/21 11:00:00;ATMO AUVERGNE-RHÔNE-ALPES;FR84ZAR01;ZAR PAYS-DE-SAVOIE;FR33101;PASTEUR;Urbaine;PM10;Fond;Oui;mesures indicatives;Moy. journalière;8.0;8.4272727273;µg-m3;100.0;100;100.0;A;1;45.56472;5.928333
2025/10/21 00:00:00;2025/10/21 11:00:00;ATMO AUVERGNE-RHÔNE-ALPES;FR84ZAR01;ZAR PAYS-DE-SAVOIE;FR33105;Chambéry Trafic;Urbaine;PM10;Trafic;Oui;mesures indicatives;Moy. journalière;8.0;7.69;µg-m3;91.0;100;91.0;A;1;45.56943;5.932986
2025/10/21 00:00:00;2025/10/21 11:00:00;ATMO AUVERGNE-RHÔNE-ALPES;FR84ZRE02;ZR AUVERGNE-RHONE-ALPES;FR33113;Maurienne Trafic;Périurbaine;PM10;Trafic;Oui;mesures fixes;Moy. journalière;4.0;3.53;µg-m3;91.0;100;91.0;R;1;45.209364;6.480326
2025/10/21 00:00:00;2025/10/21 11:00:00;ATMO AUVERGNE-RHÔNE-ALPES;FR84ZAR03;ZAR VALLEE-DE-L-ARVE;FR33120;CHAMONIX;Urbaine;PM10;Fond;Oui;mesures indicatives;Moy. journalière;9.0;8.53;µg/m3;91.0;100;91.0;A;1;45.9225;6.87
2025/10/21 00:00:00;2025/10/21 11:00:00;ATMO AUVERGNE-RHÔNE-ALPES;FR84ZAR04;ZAR VALLEE-DE-LA-TARANTAISE;FR33121;Albertville;Urbaine;PM10;Fond;Oui;mesures fixes;Moy. journalière;7.0;7.3545454545;µg-m3;100.0;100;100.0;A;1;45.675;6.389722
2025/10/21 00:00:00;2025/10/21 11:00:00;ATMO AUVERGNE-RHÔNE-ALPES;FR84ZAR04;ZAR VALLEE-DE-LA-TARANTAISE;FR33122;La Léchère;Rurale près des villes;PM10;Industrielle;Oui;mesures fixes;Moy. journalière;46.0;46.0;µg-m3;9.0;100;9.0;N;-1;45.53583;6.471111
2025/10/21 00:00:00;2025/10/21 11:00:00;ATMO AUVERGNE-RHÔNE-ALPES;FR84ZAR01;ZAR PAYS-DE-SAVOIE;FR33201;LOVERCHY;Urbaine;PM10;Fond;Oui;mesures fixes;Moy. journalière;0.0;0.0;µg-m3;0.0;100;0.0;N;-1;45.89528;6.118333
2025/10/21 00:00:00;2025/10/21 11:00:00;ATMO AUVERGNE-RHÔNE-ALPES;FR84ZAR01;ZAR PAYS-DE-SAVOIE;FR33203;ANNECY Rocade;Urbaine;PM10;Trafic;Oui;mesures fixes;Moy. journalière;7.0;7.43;µg-m3;91.0;100;91.0;A;1;45.9097;6.11825
2025/10/21 00:00:00;2025/10/21 11:00:00;ATMO AUVERGNE-RHÔNE-ALPES;FR84ZAR01;ZAR PAYS-DE-SAVOIE;FR33211;ANNEMASSE;Urbaine;PM10;Fond;Oui;mesures indicatives;Moy. journalière;6.0;5.6909090909;µg/m3;100.0;100;100.0;A;1;46.19583;6.240556
2025/10/21 00:00:00;2025/10/21 11:00:00;ATMO AUVERGNE-RHÔNE-ALPES;FR84ZAR01;ZAR PAYS-DE-SAVOIE;FR33212;GAILLARD;Urbaine;PM10;Fond;Oui;mesures indicatives;Moy. journalière;4.0;3.5727272727;µg-m3;100.0;100;100.0;R;1;46.193641;6.214534
2025/10/21 00:00:00;2025/10/21 11:00:00;ATMO AUVERGNE-RHÔNE-ALPES;FR84ZAR03;ZAR VALLEE-DE-L-ARVE;FR33220;PASSY;Périurbaine;PM10;Fond;Oui;mesures fixes;Moy. journalière;10.0;10.24;µg-m3;91.0;100;91.0;A;1;45.92361;6.713611
2025/10/21 00:00:00;2025/10/21 11:00:00;ATMO AUVERGNE-RHÔNE-ALPES;FR84ZAR03;ZAR VALLEE-DE-L-ARVE;FR33232;BOSSONS;Urbaine;PM10;Trafic;Oui;mesures fixes;Moy. journalière;9.0;9.28;µg-m3;91.0;100;91.0;A;1;45.907223;6.845833
2025/10/21 00:00:00;2025/10/21 11:00:00;ATMO AUVERGNE-RHÔNE-ALPES;FR84ZRE02;ZR AUVERGNE-RHONE-ALPES;FR33302;St Germain/Rhône;Rurale près des villes;PM10;Fond;Oui;mesures indicatives;Moy. journalière;27.0;26.6636363636;µg-m3;100.0;100;100.0;R;1;46.072224;5.820833
2025/10/21 00:00:00;2025/10/21 11:00:00;ATMO AUVERGNE-RHÔNE-ALPES;FR84ZRE02;ZR AUVERGNE-RHONE-ALPES;FR33305;Bourg-en-Bresse;Urbaine;PM10;Fond;Oui;mesures fixes;Moy. journalière;6.0;5.6636363636;µg-m3;100.0;100;100.0;A;1;46.211666;5.226389
2025/10/21 00:00:00;2025/10/21 11:00:00;LIG'AIR;FR24ZAG02;ZAG ORLEANS;FR34013;Gambetta;Urbaine;PM10;Trafic;Oui;mesures fixes;Moy. journalière;11.0;10.85;µg-m3;91.0;100;91.0;A;1;47.907083;1.901139
2025/10/21 00:00:00;2025/10/21 11:00:00;LIG'AIR;FR24ZAG01;ZAG TOURS;FR34024;Joué lès Tours;Urbaine;PM10;Fond;Oui;mesures fixes;Moy. journalière;8.0;8.0727272727;µg-m3;100.0;100;100.0;A;1;47.344139;0.653778
2025/10/21 00:00:00;2025/10/21 11:00:00;LIG'AIR;FR24ZAG01;ZAG TOURS;FR34025;La Bruyère;Urbaine;PM10;Fond;Oui;mesures fixes;Moy. journalière;8.0;8.3454545455;µg-m3;100.0;100;100.0;A;1;47.419083;0.682944
2025/10/21 00:00:00;2025/10/21 11:00:00;LIG'AIR;FR24ZAG01;ZAG TOURS;FR34028;Pompidou;Urbaine;PM10;Trafic;Oui;mesures fixes;Moy. journalière;11.0;11.3;µg-m3;91.0;100;91.0;A;1;47.394639;0.704861
2025/10/21 00:00:00;2025/10/21 11:00:00;LIG'AIR;FR24ZAG02;ZAG ORLEANS;FR34029;La_Source-CNRS;Urbaine;PM10;Fond;Oui;mesures fixes;Moy. journalière;8.0;8.0636363636;µg-m3;100.0;100;100.0;A;1;47.83775;1.944667
2025/10/21 00:00:00;2025/10/21 11:00:00;LIG'AIR;FR24ZRE02;ZR CENTRE-VAL-DE-LOIRE;FR34030;Bourges-Baffier;Urbaine;PM10;Trafic;Oui;mesures fixes;Moy. journalière;5.0;4.62;µg-m3;91.0;100;91.0;A;1;47.075044;2.407183
2025/10/21 00:00:00;2025/10/21 11:00:00;LIG'AIR;FR24ZRE02;ZR CENTRE-VAL-DE-LOIRE;FR34032;Leblanc;Urbaine;PM10;Fond;Oui;mesures fixes;Moy. journalière;5.0;4.5636363636;µg-m3;100.0;100;100.0;A;1;47.082778;2.405333
2025/10/21 00:00:00;2025/10/21 11:00:00;LIG'AIR;FR24ZRE02;ZR CENTRE-VAL-DE-LOIRE;FR34041;Fulbert;Urbaine;PM10;Fond;Oui;mesures fixes;Moy. journalière;10.0;9.9545454545;µg-m3;100.0;100;100.0;A;1;48.444417;1.510139
2025/10/21 00:00:00;2025/10/21 11:00:00;LIG'AIR;FR24ZRE02;ZR CENTRE-VAL-DE-LOIRE;FR34046;Dreux Centre;Urbaine;PM10;Fond;Oui;mesures fixes;Moy. journalière;8.0;7.8454545455;µg-m3;100.0;100;100.0;A;1;48.729694;1.358472
2025/10/21 00:00:00;2025/10/21 11:00:00;LIG'AIR;FR24ZRE02;ZR CENTRE-VAL-DE-LOIRE;FR34047;Saint-Remy;Périurbaine;PM10;Trafic;Oui;mesures fixes;Moy. journalière;16.0;15.55;µg-m3;91.0;100;91.0;A;1;48.760889;1.233639
2025/10/21 00:00:00;2025/10/21 11:00:00;LIG'AIR;FR24ZRE02;ZR CENTRE-VAL-DE-LOIRE;FR34051;Chateauroux Sud;Urbaine;PM10;Fond;Oui;mesures fixes;Moy. journalière;8.0;8.3454545455;µg-m3;100.0;100;100.0;A;1;46.798278;1.693139
2025/10/21 00:00:00;2025/10/21 11:00:00;LIG'AIR;FR24ZAR02;ZAR BLOIS;FR34061;Blois nord;Urbaine;PM10;Fond;Oui;mesures fixes;Moy. journalière;7.0;6.9;µg-m3;100.0;100;100.0;A;1;47.594256;1.302667
2025/10/21 00:00:00;2025/10/21 11:00:00;LIG'AIR;FR24ZRE02;ZR CENTRE-VAL-DE-LOIRE;FR34066;Montargis Les Cites;Urbaine;PM10;Fond;Oui;mesures fixes;Moy. journalière;6.0;6.2818181818;µg-m3;100.0;100;100.0;A;1;48.00145;2.72618
2025/10/21 00:00:00;2025/10/21 11:00:00;LIG'AIR;FR24ZAG02;ZAG ORLEANS;FR34067;St Jean de la Ruelle;Urbaine;PM10;Fond;Oui;mesures fixes;Moy. journalière;8.0;8.4363636364;µg-m3;100.0;100;100.0;A;1;47.910303;1.873431
2025/10/21 00:00:00;2025/10/21 11:00:00;ATMO NOUVELLE-AQUITAINE;FR75ZRE02;ZR NOUVELLE-AQUITAINE;FR35002;ST JUNIEN - Fontaine;Urbaine;PM10;Fond;Oui;mesures fixes;Moy. journalière;10.0;9.72;µg-m3;91.0;100;91.0;A;1;45.884851;0.898431
2025/10/21 00:00:00;2025/10/21 11:00:00;ATMO NOUVELLE-AQUITAINE;FR75ZRE02;ZR NOUVELLE-AQUITAINE;FR35004;BRIVE - Dalton;Urbaine;PM10;Fond;Oui;mesures fixes;Moy. journalière;11.0;10.82;µg-m3;91.0;100;91.0;A;1;45.158738;1.537259
2025/10/21 00:00:00;2025/10/21 11:00:00;ATMO NOUVELLE-AQUITAINE;FR75ZRE02;ZR NOUVELLE-AQUITAINE;FR35005;GUERET - Nicolas;Urbaine;PM10;Fond;Oui;mesures fixes;Moy. journalière;4.0;3.66;µg-m3;91.0;100;91.0;A;1;46.17362;1.873024
2025/10/21 00:00:00;2025/10/21 11:00:00;ATMO NOUVELLE-AQUITAINE;FR75ZRE02;ZR NOUVELLE-AQUITAINE;FR35006;TULLE - Hugo;Urbaine;PM10;Fond;Oui;mesures fixes;Moy. journalière;9.0;8.97;µg-m3;91.0;100;91.0;A;1;45.262665;1.762752
2025/10/21 00:00:00;2025/10/21 11:00:00;ATMO NOUVELLE-AQUITAINE;FR75ZAR01;ZAR LIMOGES;FR35007;PALAIS S/ V.- Garros;Périurbaine;PM10;Fond;Oui;mesures fixes;Moy. journalière;7.0;7.2727272727;µg-m3;100.0;100;100.0;A;1;45.873311;1.307916
2025/10/21 00:00:00;2025/10/21 11:00:00;ATMO NOUVELLE-AQUITAINE;FR75ZAR01;ZAR LIMOGES;FR35010;LIMOGES - Aine;Urbaine;PM10;Trafic;Oui;mesures fixes;Moy. journalière;9.0;9.38;µg-m3;91.0;100;91.0;A;1;45.829975;1.254772
2025/10/21 00:00:00;2025/10/21 11:00:00;ATMO NOUVELLE-AQUITAINE;FR75ZRE02;ZR NOUVELLE-AQUITAINE;FR35019;SAILLAT - Ipaper;Rurale près des villes;PM10;Industrielle;Oui;mesures fixes;Moy. journalière;8.0;7.58;µg-m3;91.0;100;91.0;A;1;45.875834;0.823951
2025/10/21 00:00:00;2025/10/21 11:00:00;ATMO NOUVELLE-AQUITAINE;FR75ZAR01;ZAR LIMOGES;FR35027;LIMOGES - BERLAND;Urbaine;PM10;Fond;Oui;mesures fixes;Moy. journalière;7.0;6.8090909091;µg-m3;100.0;100;100.0;A;1;45.842204;1.259689
2025/10/21 00:00:00;2025/10/21 11:00:00;ATMO AUVERGNE-RHÔNE-ALPES;FR84ZAR02;ZAR VALLEE-DU-RHONE;FR36002;Valence Urb. Centre;Urbaine;PM10;Fond;Oui;mesures indicatives;Moy. journalière;12.0;11.7727272727;µg-m3;100.0;100;100.0;A;1;44.933514;4.893481
2025/10/21 00:00:00;2025/10/21 11:00:00;ATMO AUVERGNE-RHÔNE-ALPES;FR84ZAR02;ZAR VALLEE-DU-RHONE;FR36019;Romans-sur-Isère;Urbaine;PM10;Fond;Oui;mesures fixes;Moy. journalière;16.0;16.3090909091;µg-m3;100.0;100;100.0;A;1;45.0425;5.0443
2025/10/21 00:00:00;2025/10/21 11:00:00;ATMO AUVERGNE-RHÔNE-ALPES;FR84ZRE02;ZR AUVERGNE-RHONE-ALPES;FR36021;Drôme Rurale Sud-SND;Rurale nationale;PM10;Fond;Oui;mesures fixes;Moy. journalière;8.0;7.5;µg-m3;100.0;100;100.0;A;1;44.569443;5.278972
2025/10/21 00:00:00;2025/10/21 11:00:00;ATMO AUVERGNE-RHÔNE-ALPES;FR84ZAR02;ZAR VALLEE-DU-RHONE;FR36032;A7 Valence Est;Urbaine;PM10;Trafic;Oui;mesures fixes;Moy. journalière;10.0;9.79;µg-m3;91.0;100;91.0;A;1;44.9492;4.890133
2025/10/21 00:00:00;2025/10/21 07:00:00;GWAD'AIR;FR01ZAG01;ZAG POINTE-A-PITRE;FR37001;ST de Baie mahault;Périurbaine;PM10;Fond;Oui;mesures fixes;Moy. journalière;24.0;23.7857142857;µg-m3;100.0;100;100.0;R;1;16.257308;-61.591725
2025/10/21 00:00:00;2025/10/21 07:00:00;GWAD'AIR;FR01ZAG01;ZAG POINTE-A-PITRE;FR37006;PTP-VICTOIRE;Urbaine;PM10;Fond;Oui;mesures fixes;Moy. journalière;35.0;34.9714285714;µg/m3;100.0;100;100.0;R;1;16.23674;-61.534101
2025/10/21 00:00:00;2025/10/21 07:00:00;GWAD'AIR;FR01ZRE01;ZR GUADELOUPE;FR37010;BT_PICHON;Urbaine;PM10;Fond;Oui;mesures fixes;Moy. journalière;32.0;32.1;µg/m3;100.0;100;100.0;A;1;15.994349;-61.727203
2025/10/21 00:00:00;2025/10/21 07:00:00;GWAD'AIR;FR01ZRE01;ZR GUADELOUPE;FR37038;SXM Marigot;Urbaine;PM10;Fond;Oui;mesures indicatives;Moy. journalière;39.0;38.6714285714;µg/m3;100.0;100;100.0;A;1;18.070114;-63.081481
2025/10/21 00:00:00;2025/10/21 07:00:00;GWAD'AIR;FR01ZAG01;ZAG POINTE-A-PITRE;FR37040;ABYMES RN1;Périurbaine;PM10;Trafic;Oui;mesures fixes;Moy. journalière;35.0;35.2142857143;µg-m3;100.0;100;100.0;A;1;16.254085;-61.53713
2025/10/21 00:00:00;2025/10/21 07:00:00;GWAD'AIR;FR01ZRE01;ZR GUADELOUPE;FR37041;Anse-Bertrand Campêche;Rurale régionale;PM10;Fond;Oui;mesures fixes;Moy. journalière;38.0;37.9;µg/m3;100.0;100;100.0;A;1;16.4545;-61.4281
2025/10/21 00:00:00;2025/10/21 15:00:00;ATMO REUNION;FR04ZAR01;ZAR SAINT-DENIS;FR38001;LYC. LISLET GEOFFROY;Urbaine;PM10;Fond;Oui;mesures fixes;Moy. journalière;11.0;10.5266666667;µg-m3;100.0;100;100.0;A;1;-20.889893;55.46884
2025/10/21 00:00:00;2025/10/21 15:00:00;ATMO REUNION;FR04ZAR02;ZAR VOLCAN;FR38011;Station Luther King;Urbaine;PM10;Fond;Oui;mesures fixes;Moy. journalière;11.0;10.525;µg-m3;80.0;100;80.0;R;1;-21.334406;55.45906
2025/10/21 00:00:00;2025/10/21 15:00:00;ATMO REUNION;FR04ZAR02;ZAR VOLCAN;FR38014;Ligne Paradis;Périurbaine;PM10;Fond;Oui;mesures fixes;Moy. journalière;11.0;11.1846153846;µg-m3;87.0;100;87.0;A;1;-21.312895;55.474194
2025/10/21 00:00:00;2025/10/21 15:00:00;ATMO REUNION;FR04ZAR02;ZAR VOLCAN;FR38016;Station Bourg-Murat;Rurale régionale;PM10;Fond;Oui;mesures fixes;Moy. journalière;5.0;5.2727272727;µg-m3;85.0;87;73.0;A;1;-21.204815;55.58262
2025/10/21 00:00:00;2025/10/21 15:00:00;ATMO REUNION;FR04ZAR02;ZAR VOLCAN;FR38017;Grand Coude;Rurale régionale;PM10;Fond;Oui;mesures fixes;Moy. journalière;4.0;4.3818181818;µg-m3;85.0;87;73.0;A;1;-21.29433;55.62793
2025/10/21 00:00:00;2025/10/21 15:00:00;ATMO REUNION;FR04ZAR01;ZAR SAINT-DENIS;FR38020;Plateau Caillou;Urbaine;PM10;Fond;Oui;mesures fixes;Moy. journalière;4.0;3.8454545455;µg-m3;85.0;87;73.0;A;1;-21.022112;55.266773
2025/10/21 00:00:00;2025/10/21 15:00:00;ATMO REUNION;FR04ZAR02;ZAR VOLCAN;FR38023;BD BANKS;Urbaine;PM10;Trafic;Oui;mesures fixes;Moy. journalière;34.0;33.5866666667;µg-m3;100.0;100;100.0;A;1;-21.331703;55.478949
2025/10/21 00:00:00;2025/10/21 15:00:00;ATMO REUNION;FR04ZRE01;ZR LA REUNION;FR38024;RDT SAINT-LEU;Rurale près des villes;PM10;Trafic;Oui;mesures fixes;Moy. journalière;16.0;15.5692307692;µg-m3;87.0;100;87.0;A;1;-21.213212;55.302844
2025/10/21 00:00:00;2025/10/21 07:00:00;MADININAIR;FR02ZAR01;ZAR FORT-DE-FRANCE;FR39008;Ville de Schoelcher;Urbaine;PM10;Fond;Oui;mesures fixes;Moy. journalière;35.0;35.0571428571;µg-m3;100.0;100;100.0;A;1;14.616389;-61.100792
2025/10/21 00:00:00;2025/10/21 07:00:00;MADININAIR;FR02ZAR01;ZAR FORT-DE-FRANCE;FR39009;Lamentin;Urbaine;PM10;Fond;Oui;mesures fixes;Moy. journalière;36.0;36.2714285714;µg-m3;100.0;100;100.0;A;1;14.610653;-61.002586
2025/10/21 00:00:00;2025/10/21 07:00:00;MADININAIR;FR02ZAR01;ZAR FORT-DE-FRANCE;FR39011;Reneville;Urbaine;PM10;Trafic;Oui;mesures fixes;Moy. journalière;40.0;40.05;µg-m3;57.0;100;57.0;N;-1;14.614111;-61.0530833
2025/10/21 00:00:00;2025/10/21 07:00:00;MADININAIR;FR02ZRE01;ZR MARTINIQUE;FR39014;Sainte_Luce;Périurbaine;PM10;Fond;Oui;mesures fixes;Moy. journalière;31.0;30.7428571429;µg-m3;100.0;100;100.0;A;1;14.468869;-60.927417
2025/10/21 00:00:00;2025/10/21 07:00:00;MADININAIR;FR02ZAR01;ZAR FORT-DE-FRANCE;FR39015;Fort-de-France - Hôtel de ville;Urbaine;PM10;Fond;Oui;mesures fixes;Moy. journalière;34.0;33.9571428571;µg-m3;100.0;100;100.0;A;1;14.607444;-61.069778
2025/10/21 00:00:00;2025/10/21 07:00:00;MADININAIR;FR02ZAR01;ZAR FORT-DE-FRANCE;FR39016;Robert Bourg;Urbaine;PM10;Fond;Oui;mesures fixes;Moy. journalière;23.0;22.6714285714;µg-m3;100.0;100;100.0;A;1;14.678025;-60.939056
2025/10/21 00:00:00;2025/10/21 08:00:00;ATMO GUYANE;FR03ZRE01;ZR GUYANE;FR40006;Kourou Gaston Monnerville Brady;Urbaine;PM10;Fond;Oui;mesures fixes;Moy. journalière;10.0;10.0375;µg/m3;100.0;100;100.0;A;1;5.164248;-52.64649
2025/10/21 00:00:00;2025/10/21 08:00:00;ATMO GUYANE;FR03ZAR01;ZAR ILE-DE-CAYENNE;FR40009;Cayenne-Bouchon;Urbaine;PM10;Trafic;Oui;mesures fixes;Moy. journalière;0.0;0.0;µg/m3;0.0;100;0.0;N;-1;4.920833;-52.321944
2025/10/21 00:00:00;2025/10/21 11:00:00;QUALITAIR CORSE;FR94ZAR01;ZAR AJACCIO;FR41001;AJACCIO CANETTO;Urbaine;PM10;Fond;Oui;mesures fixes;Moy. journalière;9.0;8.6545454545;µg-m3;100.0;100;100.0;A;1;41.924694;8.735694
2025/10/21 00:00:00;2025/10/21 11:00:00;QUALITAIR CORSE;FR94ZAR02;ZAR BASTIA;FR41002;BASTIA GIRAUD;Urbaine;PM10;Fond;Oui;mesures fixes;Moy. journalière;7.0;6.8818181818;µg-m3;100.0;100;100.0;A;1;42.697917;9.446417
2025/10/21 00:00:00;2025/10/21 11:00:00;QUALITAIR CORSE;FR94ZAR02;ZAR BASTIA;FR41004;BASTIA LA MARANA;Périurbaine;PM10;Industrielle;Oui;mesures fixes;Moy. journalière;5.0;4.97;µg-m3;91.0;100;91.0;R;1;42.535833;9.475972
2025/10/21 00:00:00;2025/10/21 11:00:00;QUALITAIR CORSE;FR94ZAR02;ZAR BASTIA;FR41017;BASTIA MONTESORO;Périurbaine;PM10;Fond;Oui;mesures fixes;Moy. journalière;7.0;7.1545454545;µg-m3;100.0;100;100.0;A;1;42.671333;9.434639
2025/10/21 00:00:00;2025/10/21 11:00:00;QUALITAIR CORSE;FR94ZRE01;ZR CORSE;FR41024;VENACO;Rurale régionale;PM10;Fond;Oui;mesures fixes;Moy. journalière;3.0;3.17;µg-m3;91.0;100;91.0;A;1;42.236028;9.190028
2025/10/21 00:00:00;2025/10/21 11:00:00;QUALITAIR CORSE;FR94ZAR02;ZAR BASTIA;FR41060;BASTIA FANGO;Urbaine;PM10;Trafic;Oui;mesures fixes;Moy. journalière;7.0;7.04;µg-m3;91.0;100;91.0;A;1;42.702833;9.446389
2025/10/21 00:00:00;2025/10/21 11:00:00;ATMO GRAND EST;FR44ZAG01;ZAG STRASBOURG;FR42010;Strasbourg Neudorf Ecoquartier Danube;Urbaine;PM10;Fond;Oui;mesures fixes;Moy. journalière;5.0;5.4272727273;µg-m3;100.0;100;100.0;A;1;48.572808;7.767833
2025/10/21 00:00:00;2025/10/21 14:00:00;HAWA MAYOTTE;FR06ZRE01;ZR MAYOTTE;FR43002;Convalescence;Urbaine;PM10;Fond;Oui;mesures fixes;Moy. journalière;31.0;31.3285714286;µg-m3;100.0;100;100.0;A;1;-12.778186;45.220235
2025/10/21 00:00:00;2025/10/21 14:00:00;HAWA MAYOTTE;FR06ZRE01;ZR MAYOTTE;FR43099;Kawéni Nord;Périurbaine;PM10;Trafic;Oui;mesures fixes;Moy. journalière;50.0;49.95;µg-m3;86.0;100;86.0;A;1;-12.761174;45.226197
2025/10/21 00:00:00;2025/10/21 11:00:00;ATMO OCCITANIE;FR76ZRE01;ZR OCCITANIE;FR50060;Montauban - Ramierou;Urbaine;PM10;Fond;Oui;mesures fixes;Moy. journalière;7.0;7.3454545455;µg/m3;100.0;100;100.0;A;1;44.01285657;1.37530522
2025/10/21 00:00:00;2025/10/21 11:00:00;ATMO OCCITANIE;FR76ZAR01;ZAR PERPIGNAN;FR50224;Perpignan bd Pyrénées;Urbaine;PM10;Trafic;Oui;mesures fixes;Moy. journalière;18.0;17.7444444444;µg-m3;82.0;100;82.0;R;1;42.69587;2.888483
2025/10/21 00:00:00;2025/10/21 11:00:00;ATMO OCCITANIE;FR76ZAG02;ZAG MONTPELLIER;FR50225;Montpellier Liberté;Urbaine;PM10;Trafic;Oui;mesures fixes;Moy. journalière;51.0;50.55;µg/m3;91.0;100;91.0;A;1;43.611606;3.827868
2025/10/21 00:00:00;2025/10/21 11:00:00;ATMO BOURGOGNE-FRANCHE-COMTE;FR27ZAR03;ZAR BESANCON;FR82006;Besançon Prévoyance;Urbaine;PM10;Fond;Oui;mesures fixes;Moy. journalière;8.0;7.89;µg-m3;91.0;100;91.0;A;1;47.2474;6.015419
2025/10/21 00:00:00;2025/10/21 11:00:00;ATMO BOURGOGNE-FRANCHE-COMTE;FR27ZAR01;ZAR BELFORT-MONTBELIARD;FR82010;Montbéliard centre;Urbaine;PM10;Fond;Oui;mesures fixes;Moy. journalière;4.0;4.1090909091;µg-m3;100.0;100;100.0;A;1;47.510307;6.794
2025/10/21 00:00:00;2025/10/21 11:00:00;ATMO BOURGOGNE-FRANCHE-COMTE;FR27ZAR01;ZAR BELFORT-MONTBELIARD;FR82021;Belfort centre;Urbaine;PM10;Fond;Oui;mesures fixes;Moy. journalière;7.0;6.91;µg-m3;91.0;100;91.0;A;1;47.630755;6.858944
2025/10/21 00:00:00;2025/10/21 11:00:00;ATMO BOURGOGNE-FRANCHE-COMTE;FR27ZRE01;ZR BOURGOGNE-FRANCHE-COMTE;FR82030;Montandon Baresans;Rurale nationale;PM10;Fond;Oui;mesures fixes;Moy. journalière;2.0;1.6636363636;µg-m3;100.0;100;100.0;A;1;47.29464;6.825861
2025/10/21 00:00:00;2025/10/21 11:00:00;ATMO BOURGOGNE-FRANCHE-COMTE;FR27ZRE01;ZR BOURGOGNE-FRANCHE-COMTE;FR82040;Dole centre;Urbaine;PM10;Fond;Oui;mesures fixes;Moy. journalière;0.0;0.0;µg-m3;36.0;100;36.0;N;-1;47.09672;5.496389
2025/10/21 00:00:00;2025/10/21 11:00:00;ATMO BOURGOGNE-FRANCHE-COMTE;FR27ZRE01;ZR BOURGOGNE-FRANCHE-COMTE;FR82043;Chatenois;Rurale près des villes;PM10;Industrielle;Oui;mesures fixes;Moy. journalière;5.0;5.13;µg-m3;91.0;100;91.0;A;1;47.147231;5.556211
2025/10/21 00:00:00;2025/10/21 11:00:00;ATMO BOURGOGNE-FRANCHE-COMTE;FR27ZRE01;ZR BOURGOGNE-FRANCHE-COMTE;FR82060;Vesoul Pres Caillet;Urbaine;PM10;Fond;Oui;mesures fixes;Moy. journalière;6.0;6.23;µg-m3;91.0;100;91.0;A;1;47.620022;6.157642
2025/10/21 00:00:00;2025/10/21 11:00:00;ATMO BOURGOGNE-FRANCHE-COMTE;FR27ZRE01;ZR BOURGOGNE-FRANCHE-COMTE;FR82070;Baume-les-Dames;Urbaine;PM10;Trafic;Oui;mesures fixes;Moy. journalière;6.0;5.92;µg-m3;91.0;100;91.0;A;1;47.351288;6.359722
