Date de début;Date de fin;Organisme;code zas;Zas;code site;nom site;type d'implantation;Polluant;type d'influence;Réglementaire;type d'évaluation;type de valeur;valeur;valeur brute;unité de mesure;taux de saisie;couverture temporelle;couverture de données;code qualité;validité;Latitude;Longitude
2024/01/01 00:00:00;2024/12/31 23:59:59;ATMO GRAND EST;FR44ZAG02;ZAG METZ;FR01011;Metz-Centre;Urbaine;PM10;Fond;Oui;mesures fixes;Moy. annuelle;11.0;11.31980137322218;µg-m3;97.0;95.0;93.0;R;1;49.119442;6.180833
2024/01/01 00:00:00;2024/12/31 23:59:59;ATMO GRAND EST;FR44ZAG02;ZAG METZ;FR01012;Metz-Borny;Urbaine;PM10;Fond;Oui;mesures fixes;Moy. annuelle;10.0;10.329131652661086;µg-m3;98.0;100.0;98.0;R;1;49.110283;6.223336
2024/01/01 00:00:00;2024/12/31 23:59:59;ATMO GRAND EST;FR44ZRE01;ZR GRAND-EST;FR01014;Pont-à-Mousson;Urbaine;PM10;Fond;Oui;mesures fixes;Moy. annuelle;12.0;12.009902710215398;µg-m3;98.0;100.0;98.0;R;1;48.915;6.058336
2024/01/01 00:00:00;2024/12/31 23:59:59;ATMO GRAND EST;FR44ZAG02;ZAG METZ;FR01020;Thionville-Centre;Urbaine;PM10;Fond;Oui;mesures fixes;Moy. annuelle;13.0;13.14754977942054;µg-m3;95.0;100.0;95.0;R;1;49.358337;6.156942
2024/01/01 00:00:00;2024/12/31 23:59:59;ATMO GRAND EST;FR44ZAG02;ZAG METZ;FR01059;HAYANGE-MARSPICH;Périurbaine;PM10;Industrielle;Oui;mesures fixes;Moy. annuelle;12.0;12.062897444791336;µg-m3;98.0;100.0;98.0;R;1;49.3374;6.08207
2024/01/01 00:00:00;2024/12/31 23:59:59;ATMO GRAND EST;FR44ZAG02;ZAG METZ;FR01064;Metz- Pont Grilles;Urbaine;PM10;Trafic;Oui;mesures fixes;Moy. annuelle;12.0;12.420119521912367;µg-m3;97.0;100.0;97.0;R;1;49.12508;6.181219
2024/01/01 00:00:00;2024/12/31 23:59:59;ATMO SUD;FR93ZAG01;ZAG MARSEILLE-AIX;FR02008;Port de Bouc Leque;Urbaine;PM10;Industrielle;Oui;mesures fixes;Moy. annuelle;16.0;16.271079812206512;µg-m3;98.0;99.0;97.0;R;1;43.401952;4.981919
2024/01/01 00:00:00;2024/12/31 23:59:59;ATMO SUD;FR93ZRE02;ZR PROVENCE-ALPES-COTE-D-AZUR;FR02022;Arles;Urbaine;PM10;Fond;Oui;mesures fixes;Moy. annuelle;18.0;17.543078730904895;µg-m3;97.0;100.0;97.0;R;1;43.675114;4.62921
2024/01/01 00:00:00;2024/12/31 23:59:59;ATMO SUD;FR93ZAG01;ZAG MARSEILLE-AIX;FR02029;Chateauneuf La Mede;Périurbaine;PM10;Industrielle;Oui;mesures fixes;Moy. annuelle;21.0;21.099778652238054;µg-m3;94.0;98.0;93.0;R;1;43.399546;5.113214
2024/01/01 00:00:00;2024/12/31 23:59:59;ATMO SUD;FR93ZAG01;ZAG MARSEILLE-AIX;FR02041;SALON;Urbaine;PM10;Fond;Oui;mesures fixes;Moy. annuelle;14.0;13.757178928038545;µg-m3;99.0;100.0;99.0;R;1;43.639002;5.101097
2024/01/01 00:00:00;2024/12/31 23:59:59;ATMO SUD;FR93ZAG01;ZAG MARSEILLE-AIX;FR02043;Marignane;Urbaine;PM10;Fond;Oui;mesures fixes;Moy. annuelle;18.0;18.49783310281232;µg-m3;99.0;100.0;99.0;R;1;43.4165306;5.222281
2024/01/01 00:00:00;2024/12/31 23:59:59;ATMO SUD;FR93ZAG01;ZAG MARSEILLE-AIX;FR03006;MARSEILLE RABATAU;Urbaine;PM10;Trafic;Oui;mesures fixes;Moy. annuelle;26.0;26.241730339720238;µg-m3;98.0;98.0;97.0;R;1;43.276451;5.39736
2024/01/01 00:00:00;2024/12/31 23:59:59;ATMO SUD;FR93ZAG01;ZAG MARSEILLE-AIX;FR03014;MARSEILLE ST LOUIS;Urbaine;PM10;Fond;Oui;mesures fixes;Moy. annuelle;18.0;18.340126582278472;µg-m3;99.0;100.0;99.0;R;1;43.348048;5.360119
2024/01/01 00:00:00;2024/12/31 23:59:59;ATMO SUD;FR93ZAG01;ZAG MARSEILLE-AIX;FR03021;AIX ROY RENE;Urbaine;PM10;Trafic;Oui;mesures fixes;Moy. annuelle;19.0;18.925634638196883;µg-m3;98.0;98.0;96.0;R;1;43.524075;5.448164
2024/01/01 00:00:00;2024/12/31 23:59:59;ATMO SUD;FR93ZRE02;ZR PROVENCE-ALPES-COTE-D-AZUR;FR03027;PLAN AUPS/STE  BAUME;Rurale près des villes;PM10;Fond;Oui;mesures fixes;Moy. annuelle;11.0;11.111296211775457;µg-m3;100.0;100.0;100.0;R;1;43.335201;5.727365
2024/01/01 00:00:00;2024/12/31 23:59:59;ATMO SUD;FR93ZAG01;ZAG MARSEILLE-AIX;FR03029;AIX CENTRE ECOLE ART;Urbaine;PM10;Fond;Oui;mesures fixes;Moy. annuelle;14.0;14.32886202487513;µg-m3;98.0;100.0;98.0;R;1;43.530285;5.440912
2024/01/01 00:00:00;2024/12/31 23:59:59;ATMO SUD;FR93ZAG01;ZAG MARSEILLE-AIX;FR03030;GARDANNE;Périurbaine;PM10;Industrielle;Oui;mesures fixes;Moy. annuelle;20.0;20.14706358381503;µg-m3;99.0;100.0;98.0;R;1;43.453584;5.466672
2024/01/01 00:00:00;2024/12/31 23:59:59;ATMO SUD;FR93ZAG01;ZAG MARSEILLE-AIX;FR03043;MARSEILLE 5 AVENUES;Urbaine;PM10;Fond;Oui;mesures fixes;Moy. annuelle;17.0;17.297465355916184;µg-m3;96.0;100.0;96.0;R;1;43.305287;5.394716
2024/01/01 00:00:00;2024/12/31 23:59:59;ATMO SUD;FR93ZRE02;ZR PROVENCE-ALPES-COTE-D-AZUR;FR03067;BRIGNOLES;Périurbaine;PM10;Fond;Oui;mesures fixes;Moy. annuelle;16.0;15.80055677995596;µg-m3;98.0;100.0;98.0;R;1;43.398731;6.075611
2024/01/01 00:00:00;2024/12/31 23:59:59;ATMO SUD;FR93ZAG03;ZAG TOULON;FR03068;TOULON FOCH;Urbaine;PM10;Trafic;Oui;mesures fixes;Moy. annuelle;26.0;26.360691569330427;µg-m3;98.0;100.0;98.0;R;1;43.126821;5.921605
2024/01/01 00:00:00;2024/12/31 23:59:59;ATMO SUD;FR93ZRE02;ZR PROVENCE-ALPES-COTE-D-AZUR;FR03070;ESTEREL;Périurbaine;PM10;Fond;Oui;mesures fixes;Moy. annuelle;17.0;17.276393481341536;µg-m3;96.0;100.0;96.0;R;1;43.437874;6.76839
2024/01/01 00:00:00;2024/12/31 23:59:59;ATMO SUD;FR93ZAG03;ZAG TOULON;FR03071;TOULON CLARET;Urbaine;PM10;Fond;Oui;mesures fixes;Moy. annuelle;18.0;17.947077772664464;µg-m3;99.0;100.0;99.0;R;1;43.131113;5.924184
2024/01/01 00:00:00;2024/12/31 23:59:59;ATMO SUD;FR93ZAG04;ZAG AVIGNON;FR03080;AVIGNON   MAIRIE;Urbaine;PM10;Fond;Oui;mesures fixes;Moy. annuelle;16.0;15.573976878612747;µg-m3;99.0;99.0;98.0;R;1;43.949673;4.804341
2024/01/01 00:00:00;2024/12/31 23:59:59;ATMO SUD;FR93ZAG04;ZAG AVIGNON;FR03091;Avignon Rocade De Gaulle;Urbaine;PM10;Trafic;Oui;mesures fixes;Moy. annuelle;24.0;24.488083381586545;µg-m3;98.0;100.0;98.0;R;1;43.9314;4.826875
2024/01/01 00:00:00;2024/12/31 23:59:59;AIRPARIF;FR11ZAG01;ZAG PARIS;FR04002;GENNEVILLIERS;Urbaine;PM10;Fond;Oui;mesures fixes;Moy. annuelle;14.0;14.24692620569437;µg-m3;98.0;100.0;98.0;R;1;48.930319;2.29435
2024/01/01 00:00:00;2024/12/31 23:59:59;AIRPARIF;FR11ZAG01;ZAG PARIS;FR04004;PARIS 18eme;Urbaine;PM10;Fond;Oui;mesures fixes;Moy. annuelle;15.0;15.109813246723126;µg-m3;98.0;100.0;98.0;R;1;48.891666;2.346667
2024/01/01 00:00:00;2024/12/31 23:59:59;AIRPARIF;FR11ZAG01;ZAG PARIS;FR04012;Place Victor Basch;Urbaine;PM10;Trafic;Oui;mesures fixes;Moy. annuelle;19.0;18.87860798362332;µg-m3;95.0;12.0;11.0;N;-1;48.827778;2.3275
2024/01/01 00:00:00;2024/12/31 23:59:59;AIRPARIF;FR11ZAG01;ZAG PARIS;FR04023;CERGY-PONTOISE;Urbaine;PM10;Fond;Oui;mesures fixes;Moy. annuelle;11.0;11.169073238458887;µg-m3;98.0;100.0;98.0;R;1;49.04639;2.043056
2024/01/01 00:00:00;2024/12/31 23:59:59;AIRPARIF;FR11ZAG01;ZAG PARIS;FR04034;VITRY-SUR-SEINE;Urbaine;PM10;Fond;Oui;mesures fixes;Moy. annuelle;13.0;13.084100761570069;µg-m3;97.0;100.0;97.0;R;1;48.775897;2.375788
2024/01/01 00:00:00;2024/12/31 23:59:59;AIRPARIF;FR11ZRE01;ZR ILE-DE-FRANCE;FR04048;Zone Rurale Nord;Rurale régionale;PM10;Fond;Oui;mesures fixes;Moy. annuelle;10.0;10.270829033367738;µg-m3;99.0;100.0;99.0;R;1;49.100277;2.343889
2024/01/01 00:00:00;2024/12/31 23:59:59;AIRPARIF;FR11ZAG01;ZAG PARIS;FR04055;PARIS 1er Les Halles;Urbaine;PM10;Fond;Oui;mesures fixes;Moy. annuelle;16.0;15.596705882352918;µg-m3;82.0;100.0;82.0;N;-1;48.86212;2.344616
2024/01/01 00:00:00;2024/12/31 23:59:59;AIRPARIF;FR11ZAG01;ZAG PARIS;FR04058;Auto A1 -Saint-Denis;Urbaine;PM10;Trafic;Oui;mesures fixes;Moy. annuelle;26.0;26.078312182741136;µg-m3;90.0;100.0;90.0;R;1;48.925278;2.356667
2024/01/01 00:00:00;2024/12/31 23:59:59;AIRPARIF;FR11ZRE01;ZR ILE-DE-FRANCE;FR04066;Zone rurale Sud;Rurale régionale;PM10;Fond;Oui;mesures fixes;Moy. annuelle;10.0;10.277231176329035;µg-m3;95.0;100.0;95.0;R;1;48.364166;2.236944
2024/01/01 00:00:00;2024/12/31 23:59:59;AIRPARIF;FR11ZAG01;ZAG PARIS;FR04098;LOGNES;Urbaine;PM10;Fond;Oui;mesures fixes;Moy. annuelle;13.0;13.153057471264324;µg-m3;99.0;100.0;99.0;R;1;48.84028;2.635278
2024/01/01 00:00:00;2024/12/31 23:59:59;AIRPARIF;FR11ZAG01;ZAG PARIS;FR04099;NOGENT-SUR-MARNE;Urbaine;PM10;Fond;Oui;mesures fixes;Moy. annuelle;14.0;14.428298050472403;µg-m3;95.0;100.0;95.0;R;1;48.840557;2.484444
2024/01/01 00:00:00;2024/12/31 23:59:59;AIRPARIF;FR11ZAG01;ZAG PARIS;FR04118;Place de l'Opéra;Urbaine;PM10;Trafic;Oui;mesures fixes;Moy. annuelle;19.0;19.485441854667844;µg-m3;91.0;100.0;91.0;R;1;48.870274;2.3325
2024/01/01 00:00:00;2024/12/31 23:59:59;AIRPARIF;FR11ZAG01;ZAG PARIS;FR04122;RN6-MELUN;Périurbaine;PM10;Trafic;Oui;mesures fixes;Moy. annuelle;18.0;18.477200187749414;µg-m3;97.0;100.0;97.0;R;1;48.528057;2.653611
2024/01/01 00:00:00;2024/12/31 23:59:59;AIRPARIF;FR11ZAG01;ZAG PARIS;FR04123;RN2-PANTIN;Urbaine;PM10;Trafic;Oui;mesures fixes;Moy. annuelle;22.0;22.375706894477126;µg-m3;95.0;100.0;95.0;R;1;48.90222;2.390833
2024/01/01 00:00:00;2024/12/31 23:59:59;AIRPARIF;FR11ZAG01;ZAG PARIS;FR04131;Boulevard Haussmann;Urbaine;PM10;Trafic;Oui;mesures fixes;Moy. annuelle;20.0;20.143384721583118;µg-m3;99.0;100.0;99.0;R;1;48.873333;2.330278
2024/01/01 00:00:00;2024/12/31 23:59:59;AIRPARIF;FR11ZAG01;ZAG PARIS;FR04156;BOBIGNY;Urbaine;PM10;Fond;Oui;mesures fixes;Moy. annuelle;13.0;12.6841710860041;µg-m3;99.0;100.0;99.0;R;1;48.902504;2.4525
2024/01/01 00:00:00;2024/12/31 23:59:59;AIRPARIF;FR11ZRE01;ZR ILE-DE-FRANCE;FR04158;Zone Rurale NO;Rurale régionale;PM10;Fond;Oui;mesures fixes;Moy. annuelle;11.0;10.602399906345138;µg-m3;97.0;100.0;97.0;R;1;49.063087;1.866381
2024/01/01 00:00:00;2024/12/31 23:59:59;AIRPARIF;FR11ZRE01;ZR ILE-DE-FRANCE;FR04173;RD934 Coulommiers;Périurbaine;PM10;Trafic;Oui;mesures fixes;Moy. annuelle;16.0;16.428449784206236;µg-m3;98.0;100.0;98.0;R;1;48.8059;3.084158
2024/01/01 00:00:00;2024/12/31 23:59:59;AIRPARIF;FR11ZAG01;ZAG PARIS;FR04179;PARIS Stade Lenglen;Urbaine;PM10;Fond;Oui;mesures fixes;Moy. annuelle;14.0;13.647990613083007;µg-m3;90.0;43.0;39.0;N;-1;48.830387;2.269889
2024/01/01 00:00:00;2024/12/31 23:59:59;AIRPARIF;FR11ZRE01;ZR ILE-DE-FRANCE;FR04181;RAMBOUILLET;Périurbaine;PM10;Fond;Oui;mesures fixes;Moy. annuelle;11.0;10.900618840247569;µg-m3;99.0;100.0;99.0;R;1;48.63373;1.830529
2024/01/01 00:00:00;2024/12/31 23:59:59;AIRPARIF;FR11ZAG01;ZAG PARIS;FR04319;TREMBLAY-EN-FRANCE;Périurbaine;PM10;Fond;Oui;mesures fixes;Moy. annuelle;14.0;13.89511002444988;µg-m3;98.0;100.0;98.0;R;1;48.95555;2.575278
2024/01/01 00:00:00;2024/12/31 23:59:59;AIRPARIF;FR11ZAG01;ZAG PARIS;FR04329;Bld peripherique Est;Urbaine;PM10;Trafic;Oui;mesures fixes;Moy. annuelle;21.0;20.60845070422541;µg-m3;97.0;99.0;96.0;R;1;48.838615;2.412781
2024/01/01 00:00:00;2024/12/31 23:59:59;ATMO NORMANDIE;FR28ZRE02;ZR NORMANDIE;FR05040;Honfleur Sce Tech.;Urbaine;PM10;Fond;Oui;mesures fixes;Moy. annuelle;15.0;14.59079914631257;µg-m3;96.0;100.0;96.0;R;1;49.415108;0.2437
2024/01/01 00:00:00;2024/12/31 23:59:59;ATMO NORMANDIE;FR28ZAR01;ZAR LE-HAVRE;FR05074;Le Havre Ec. Herriot;Urbaine;PM10;Fond;Oui;mesures fixes;Moy. annuelle;14.0;13.950272060563064;µg-m3;96.0;100.0;96.0;R;1;49.48963;0.100703
2024/01/01 00:00:00;2024/12/31 23:59:59;ATMO NORMANDIE;FR28ZAR01;ZAR LE-HAVRE;FR05083;Gonfreville l Orcher;Urbaine;PM10;Industrielle;Oui;mesures fixes;Moy. annuelle;13.0;13.105233881163132;µg-m3;90.0;100.0;90.0;R;1;49.50273;0.232486
2024/01/01 00:00:00;2024/12/31 23:59:59;ATMO NORMANDIE;FR28ZAR01;ZAR LE-HAVRE;FR05084;NDGravenchon Pasteur;Urbaine;PM10;Industrielle;Oui;mesures fixes;Moy. annuelle;12.0;11.736553398058259;µg-m3;94.0;100.0;94.0;R;1;49.493332;0.571853
2024/01/01 00:00:00;2024/12/31 23:59:59;ATMO NORMANDIE;FR28ZRE02;ZR NORMANDIE;FR05087;Maison Parc Brotonne;Rurale régionale;PM10;Fond;Oui;mesures fixes;Moy. annuelle;0.0;0.0;µg-m3;0.0;12.0;0.0;N;-1;49.498417;0.758697
2024/01/01 00:00:00;2024/12/31 23:59:59;ATMO NORMANDIE;FR28ZAR01;ZAR LE-HAVRE;FR05089;Le Havre Lafaurie-montant;Urbaine;PM10;Trafic;Oui;mesures fixes;Moy. annuelle;18.0;17.762833604084467;µg-m3;98.0;100.0;98.0;R;1;49.500187;0.110903
2024/01/01 00:00:00;2024/12/31 23:59:59;ATMO NORMANDIE;FR28ZAR01;ZAR LE-HAVRE;FR05090;Le Havre ville-haute;Urbaine;PM10;Fond;Oui;mesures fixes;Moy. annuelle;13.0;13.26325936704256;µg-m3;97.0;97.0;94.0;R;1;49.514686;0.100645
2024/01/01 00:00:00;2024/12/31 23:59:59;ATMO HAUTS DE FRANCE;FR32ZAG01;ZAG BLDV;FR06001;Valenciennes Acacias;Urbaine;PM10;Fond;Oui;mesures indicatives;Moy. annuelle;14.0;13.543206229860377;µg-m3;;;;R;1;50.35853;3.50804
2024/01/01 00:00:00;2024/12/31 23:59:59;ATMO HAUTS DE FRANCE;FR32ZAG01;ZAG BLDV;FR06003;Douai Theuriet;Urbaine;PM10;Fond;Oui;mesures fixes;Moy. annuelle;14.0;14.327915601023006;µg-m3;89.0;100.0;89.0;R;1;50.37822;3.06586
2024/01/01 00:00:00;2024/12/31 23:59:59;ATMO HAUTS DE FRANCE;FR32ZAG01;ZAG BLDV;FR06006;Valenciennes Wallon;Urbaine;PM10;Trafic;Oui;mesures fixes;Moy. annuelle;15.0;15.025812296171061;µg-m3;94.0;100.0;94.0;R;1;50.36425;3.52273
2024/01/01 00:00:00;2024/12/31 23:59:59;ATMO HAUTS DE FRANCE;FR32ZRE01;ZR HAUTS-DE-FRANCE;FR06007;Maubeuge Joyeuse;Urbaine;PM10;Fond;Oui;mesures indicatives;Moy. annuelle;14.0;13.729947503357332;µg-m3;;;;R;1;50.27936;3.97691
2024/01/01 00:00:00;2024/12/31 23:59:59;ATMO HAUTS DE FRANCE;FR32ZAG01;ZAG BLDV;FR06011;Denain Villars;Périurbaine;PM10;Fond;Oui;mesures fixes;Moy. annuelle;14.0;14.037218860600497;µg-m3;100.0;100.0;100.0;R;1;50.32276;3.39593
2024/01/01 00:00:00;2024/12/31 23:59:59;ATMO HAUTS DE FRANCE;FR32ZRE01;ZR HAUTS-DE-FRANCE;FR06133;Cartignies;Rurale près des villes;PM10;Fond;Oui;mesures fixes;Moy. annuelle;12.0;12.11834929099503;µg-m3;99.0;95.0;94.0;R;1;50.09225;3.85003
2024/01/01 00:00:00;2024/12/31 23:59:59;ATMO AUVERGNE-RHÔNE-ALPES;FR84ZAG04;ZAG CLERMONT-FERRAND;FR07004;Montferrand;Urbaine;PM10;Fond;Oui;mesures indicatives;Moy. annuelle;11.0;10.57040851753269;µg-m3;;;;R;1;45.79728;3.113833
2024/01/01 00:00:00;2024/12/31 23:59:59;ATMO AUVERGNE-RHÔNE-ALPES;FR84ZAG04;ZAG CLERMONT-FERRAND;FR07009;Jardin Lecoq;Urbaine;PM10;Fond;Oui;mesures fixes;Moy. annuelle;14.0;14.015889029003782;µg-m3;66.0;14.0;9.0;N;-1;45.772167;3.0875
2024/01/01 00:00:00;2024/12/31 23:59:59;ATMO AUVERGNE-RHÔNE-ALPES;FR84ZRE02;ZR AUVERGNE-RHONE-ALPES;FR07022;Paray le Fresil;Rurale régionale;PM10;Fond;Oui;mesures indicatives;Moy. annuelle;9.0;9.296843815270359;µg-m3;;;;R;1;46.652668;3.600667
2024/01/01 00:00:00;2024/12/31 23:59:59;ATMO AUVERGNE-RHÔNE-ALPES;FR84ZRE02;ZR AUVERGNE-RHONE-ALPES;FR07031;Rageade;Rurale régionale;PM10;Fond;Oui;mesures indicatives;Moy. annuelle;7.0;6.713959818535317;µg-m3;;;;R;1;45.10472;3.277361
2024/01/01 00:00:00;2024/12/31 23:59:59;ATMO AUVERGNE-RHÔNE-ALPES;FR84ZAG04;ZAG CLERMONT-FERRAND;FR07051;Beaulieu;Périurbaine;PM10;Industrielle;Oui;mesures indicatives;Moy. annuelle;11.0;11.383111638954862;µg-m3;;;;R;1;45.769;3.155
2024/01/01 00:00:00;2024/12/31 23:59:59;ATMO AUVERGNE-RHÔNE-ALPES;FR84ZRE02;ZR AUVERGNE-RHONE-ALPES;FR07052;Aurillac-Lagarde;Urbaine;PM10;Fond;Oui;mesures indicatives;Moy. annuelle;9.0;8.874954400364803;µg-m3;;;;R;1;44.92008;2.441082
2024/01/01 00:00:00;2024/12/31 23:59:59;ATMO AUVERGNE-RHÔNE-ALPES;FR84ZRE02;ZR AUVERGNE-RHONE-ALPES;FR07054;Le Puy-Causans;Urbaine;PM10;Fond;Oui;mesures indicatives;Moy. annuelle;9.0;9.190332059947103;µg-m3;;;;R;1;45.039001;3.887001
2024/01/01 00:00:00;2024/12/31 23:59:59;ATMO AUVERGNE-RHÔNE-ALPES;FR84ZRE02;ZR AUVERGNE-RHONE-ALPES;FR07057;Moulins Centre;Urbaine;PM10;Fond;Oui;mesures fixes;Moy. annuelle;11.0;11.475050782650245;µg-m3;99.0;96.0;95.0;R;1;46.5619722;3.34063888888888
2024/01/01 00:00:00;2024/12/31 23:59:59;ATMO AUVERGNE-RHÔNE-ALPES;FR84ZRE02;ZR AUVERGNE-RHONE-ALPES;FR07058;Montluçon;Urbaine;PM10;Fond;Oui;mesures indicatives;Moy. annuelle;13.0;13.430107155202212;µg-m3;;;;R;1;46.340723;2.593945
2024/01/01 00:00:00;2024/12/31 23:59:59;ATMO AUVERGNE-RHÔNE-ALPES;FR84ZRE02;ZR AUVERGNE-RHONE-ALPES;FR07059;Vichy;Urbaine;PM10;Fond;Oui;mesures indicatives;Moy. annuelle;11.0;10.967236712598403;µg-m3;;;;R;1;46.130431;3.425694
2024/01/01 00:00:00;2024/12/31 23:59:59;ATMO AUVERGNE-RHÔNE-ALPES;FR84ZAG04;ZAG CLERMONT-FERRAND;FR07061;Riom Périurbaine;Périurbaine;PM10;Fond;Oui;mesures indicatives;Moy. annuelle;13.0;12.538696359314391;µg-m3;;;;R;1;45.89674;3.122254
2024/01/01 00:00:00;2024/12/31 23:59:59;ATMO OCCITANIE;FR76ZAG02;ZAG MONTPELLIER;FR08016;Montpellier Prés d'Arènes;Urbaine;PM10;Fond;Oui;mesures fixes;Moy. annuelle;16.0;16.356423611111097;µg-m3;98.0;100.0;98.0;R;1;43.5915;3.88681
2024/01/01 00:00:00;2024/12/31 23:59:59;ATMO OCCITANIE;FR76ZRE01;ZR OCCITANIE;FR08020;Lunel Viel;Périurbaine;PM10;Industrielle;Oui;mesures indicatives;Moy. annuelle;13.0;12.73624084249085;µg-m3;;;;R;1;43.6758;4.08838
2024/01/01 00:00:00;2024/12/31 23:59:59;ATMO OCCITANIE;FR76ZAG02;ZAG MONTPELLIER;FR08030;Montpellier Pompignane;Urbaine;PM10;Trafic;Oui;mesures fixes;Moy. annuelle;19.0;18.531959400915976;µg/m3;96.0;96.0;92.0;R;1;43.6096;3.89878
2024/01/01 00:00:00;2024/12/31 23:59:59;ATMO OCCITANIE;FR76ZAR02;ZAR NIMES;FR08614;Nimes Gauzy;Urbaine;PM10;Fond;Oui;mesures fixes;Moy. annuelle;14.0;13.872648203250229;µg-m3;99.0;100.0;99.0;R;1;43.8344;4.3744
2024/01/01 00:00:00;2024/12/31 23:59:59;ATMO OCCITANIE;FR76ZAR02;ZAR NIMES;FR08616;Nimes Planas;Urbaine;PM10;Trafic;Oui;mesures fixes;Moy. annuelle;18.0;18.19672112018675;µg-m3;98.0;100.0;98.0;R;1;43.8299;4.36199
2024/01/01 00:00:00;2024/12/31 23:59:59;ATMO OCCITANIE;FR76ZAR01;ZAR PERPIGNAN;FR08714;Perpignan Les Carmes;Urbaine;PM10;Fond;Oui;mesures fixes;Moy. annuelle;14.0;14.164449278681033;µg-m3;99.0;100.0;99.0;R;1;42.6955;2.90053
2024/01/01 00:00:00;2024/12/31 23:59:59;ATMO NOUVELLE-AQUITAINE;FR75ZRE02;ZR NOUVELLE-AQUITAINE;FR09003;place de VERDUN;Urbaine;PM10;Fond;Oui;mesures fixes;Moy. annuelle;14.0;13.749435483870982;µg-m3;99.0;100.0;99.0;R;1;46.162647;-1.153684
2024/01/01 00:00:00;2024/12/31 23:59:59;ATMO NOUVELLE-AQUITAINE;FR75ZRE02;ZR NOUVELLE-AQUITAINE;FR09008;Aytré;Périurbaine;PM10;Fond;Oui;mesures fixes;Moy. annuelle;16.0;15.549122594699204;µg-m3;94.0;100.0;94.0;R;1;46.135134;-1.117086
2024/01/01 00:00:00;2024/12/31 23:59:59;ATMO NOUVELLE-AQUITAINE;FR75ZRE02;ZR NOUVELLE-AQUITAINE;FR09015;Les Couronneries;Urbaine;PM10;Fond;Oui;mesures fixes;Moy. annuelle;10.0;10.25466091245375;µg-m3;92.0;100.0;92.0;R;1;46.586958;0.358458
2024/01/01 00:00:00;2024/12/31 23:59:59;ATMO NOUVELLE-AQUITAINE;FR75ZRE02;ZR NOUVELLE-AQUITAINE;FR09103;Square Pablo Casals;Urbaine;PM10;Fond;Oui;mesures fixes;Moy. annuelle;11.0;11.464957559073236;µg-m3;99.0;100.0;99.0;R;1;45.647428;0.167162
2024/01/01 00:00:00;2024/12/31 23:59:59;ATMO NOUVELLE-AQUITAINE;FR75ZRE02;ZR NOUVELLE-AQUITAINE;FR09106;ANGOULEME-GAMBETTA;Urbaine;PM10;Trafic;Oui;mesures fixes;Moy. annuelle;16.0;15.843917596961637;µg-m3;99.0;100.0;99.0;R;1;45.651464;0.162391
2024/01/01 00:00:00;2024/12/31 23:59:59;ATMO NOUVELLE-AQUITAINE;FR75ZRE02;ZR NOUVELLE-AQUITAINE;FR09203;La Pallice3 LR;Urbaine;PM10;Industrielle;Oui;mesures fixes;Moy. annuelle;15.0;15.042723059096199;µg-m3;98.0;100.0;98.0;R;1;46.161632;-1.211229
2024/01/01 00:00:00;2024/12/31 23:59:59;ATMO NOUVELLE-AQUITAINE;FR75ZRE02;ZR NOUVELLE-AQUITAINE;FR09302;Zoodyssée Chizé;Rurale régionale;PM10;Fond;Oui;mesures fixes;Moy. annuelle;11.0;10.78463946209134;µg-m3;98.0;100.0;98.0;R;1;46.143234;-0.395913
2024/01/01 00:00:00;2024/12/31 23:59:59;ATMO NOUVELLE-AQUITAINE;FR75ZRE02;ZR NOUVELLE-AQUITAINE;FR09303;Niort Venise;Urbaine;PM10;Fond;Oui;mesures fixes;Moy. annuelle;11.0;11.234490238611695;µg-m3;100.0;100.0;100.0;R;1;46.320028;-0.482861
2024/01/01 00:00:00;2024/12/31 23:59:59;ATMO NOUVELLE-AQUITAINE;FR75ZRE02;ZR NOUVELLE-AQUITAINE;FR09304;AIRVAULT - Stade Laillé;Périurbaine;PM10;Fond;Oui;mesures fixes;Moy. annuelle;13.0;12.619030623992632;µg-m3;99.0;100.0;99.0;R;1;46.823796;-0.135634
2024/01/01 00:00:00;2024/12/31 23:59:59;ATMO NOUVELLE-AQUITAINE;FR75ZRE02;ZR NOUVELLE-AQUITAINE;FR09305;Niort - Tassigny;Urbaine;PM10;Trafic;Oui;mesures fixes;Moy. annuelle;15.0;14.792472594397056;µg-m3;94.0;99.0;93.0;R;1;46.333881;-0.471878
2024/01/01 00:00:00;2024/12/31 23:59:59;ATMO NOUVELLE-AQUITAINE;FR75ZRE02;ZR NOUVELLE-AQUITAINE;FR09403;Poitiers-Le Nain;Urbaine;PM10;Trafic;Oui;mesures fixes;Moy. annuelle;20.0;20.341055791843896;µg-m3;93.0;98.0;91.0;R;1;46.591231;0.34039
2024/01/01 00:00:00;2024/12/31 23:59:59;ATMO NOUVELLE-AQUITAINE;FR75ZRE02;ZR NOUVELLE-AQUITAINE;FR09404;Poitiers Centre  Augouard;Urbaine;PM10;Fond;Oui;mesures fixes;Moy. annuelle;12.0;11.856430960895112;µg-m3;99.0;100.0;99.0;R;1;46.583998;0.345582
2024/01/01 00:00:00;2024/12/31 23:59:59;ATMO HAUTS DE FRANCE;FR32ZAR01;ZAR COTE-D-OPALE;FR10004;Malo-les-Bains;Urbaine;PM10;Fond;Oui;mesures fixes;Moy. annuelle;16.0;15.535033664270284;µg-m3;100.0;100.0;100.0;R;1;51.04858;2.42004
2024/01/01 00:00:00;2024/12/31 23:59:59;ATMO HAUTS DE FRANCE;FR32ZAR01;ZAR COTE-D-OPALE;FR10012;Mardyck;Périurbaine;PM10;Industrielle;Oui;mesures indicatives;Moy. annuelle;16.0;16.425733220530176;µg-m3;;;;R;1;51.01943;2.25099
2024/01/01 00:00:00;2024/12/31 23:59:59;ATMO HAUTS DE FRANCE;FR32ZAR01;ZAR COTE-D-OPALE;FR10016;Calais Berthelot;Urbaine;PM10;Fond;Oui;mesures fixes;Moy. annuelle;15.0;14.586513629842164;µg-m3;99.0;96.0;95.0;R;1;50.94729;1.84308
2024/01/01 00:00:00;2024/12/31 23:59:59;ATMO HAUTS DE FRANCE;FR32ZAR01;ZAR COTE-D-OPALE;FR10017;St Pol mer - cheminots;Urbaine;PM10;Fond;Oui;mesures fixes;Moy. annuelle;16.0;16.128346364803388;µg-m3;98.0;100.0;98.0;R;1;51.032761;2.332358
2024/01/01 00:00:00;2024/12/31 23:59:59;ATMO HAUTS DE FRANCE;FR32ZAR01;ZAR COTE-D-OPALE;FR10025;Sangatte;Périurbaine;PM10;Fond;Oui;mesures indicatives;Moy. annuelle;17.0;17.40350164932757;µg-m3;;;;R;1;50.94989;1.76917
2024/01/01 00:00:00;2024/12/31 23:59:59;ATMO HAUTS DE FRANCE;FR32ZAR01;ZAR COTE-D-OPALE;FR10026;Calais Parmentier;Urbaine;PM10;Fond;Oui;mesures indicatives;Moy. annuelle;16.0;16.466772715703755;µg-m3;;;;R;1;50.9578;1.89008
2024/01/01 00:00:00;2024/12/31 23:59:59;ATMO HAUTS DE FRANCE;FR32ZAR01;ZAR COTE-D-OPALE;FR10028;Gravelines PC/Drire;Périurbaine;PM10;Industrielle;Oui;mesures indicatives;Moy. annuelle;15.0;15.066017147310996;µg-m3;;;;N;-1;50.98106;2.14317
2024/01/01 00:00:00;2024/12/31 23:59:59;ATMO HAUTS DE FRANCE;FR32ZAR01;ZAR COTE-D-OPALE;FR10029;Cappelle la Grande;Périurbaine;PM10;Fond;Oui;mesures indicatives;Moy. annuelle;17.0;16.79927209705373;µg-m3;;;;N;-1;50.99594;2.36627
2024/01/01 00:00:00;2024/12/31 23:59:59;ATMO HAUTS DE FRANCE;FR32ZAR01;ZAR COTE-D-OPALE;FR10030;Boulogne Diderot;Urbaine;PM10;Trafic;Oui;mesures fixes;Moy. annuelle;16.0;16.158363244795442;µg-m3;95.0;100.0;95.0;R;1;50.717029;1.605913
2024/01/01 00:00:00;2024/12/31 23:59:59;ATMO HAUTS DE FRANCE;FR32ZAR01;ZAR COTE-D-OPALE;FR10032;Outreau;Périurbaine;PM10;Fond;Oui;mesures indicatives;Moy. annuelle;17.0;16.524368717822995;µg-m3;;;;R;1;50.69435;1.57657
2024/01/01 00:00:00;2024/12/31 23:59:59;ATMO HAUTS DE FRANCE;FR32ZAR01;ZAR COTE-D-OPALE;FR10034;Grande-synthe;Urbaine;PM10;Industrielle;Oui;mesures fixes;Moy. annuelle;18.0;18.208504818963323;µg-m3;87.0;100.0;87.0;R;1;51.02446;2.30215
2024/01/01 00:00:00;2024/12/31 23:59:59;ATMO HAUTS DE FRANCE;FR32ZAR01;ZAR COTE-D-OPALE;FR10041;St Omer Ribot;Urbaine;PM10;Fond;Oui;mesures indicatives;Moy. annuelle;14.0;13.513247422680413;µg-m3;;;;R;1;50.74823;2.25978
2024/01/01 00:00:00;2024/12/31 23:59:59;ATMO HAUTS DE FRANCE;FR32ZRE01;ZR HAUTS-DE-FRANCE;FR10132;Campagne les B.;Rurale régionale;PM10;Fond;Oui;mesures indicatives;Moy. annuelle;12.0;11.594696969696972;µg-m3;;;;R;1;50.61048;1.99145
2024/01/01 00:00:00;2024/12/31 23:59:59;ATMO HAUTS DE FRANCE;FR32ZAG02;ZAG LILLE;FR11016;Marcq CTM;Urbaine;PM10;Fond;Oui;mesures fixes;Moy. annuelle;14.0;14.438251121076235;µg-m3;54.0;94.0;51.0;N;-1;50.67003;3.07656
2024/01/01 00:00:00;2024/12/31 23:59:59;ATMO HAUTS DE FRANCE;FR32ZAG02;ZAG LILLE;FR11034;Roubaix Serres;Urbaine;PM10;Trafic;Oui;mesures fixes;Moy. annuelle;16.0;15.98100190420393;µg-m3;78.0;100.0;78.0;N;-1;50.706535;3.18066
2024/01/01 00:00:00;2024/12/31 23:59:59;ATMO HAUTS DE FRANCE;FR32ZAG02;ZAG LILLE;FR11038;Tourcoing Houpline;Urbaine;PM10;Fond;Oui;mesures fixes;Moy. annuelle;14.0;14.394892194165786;µg-m3;99.0;100.0;99.0;R;1;50.733333;3.173611
2024/01/01 00:00:00;2024/12/31 23:59:59;ATMO HAUTS DE FRANCE;FR32ZAG02;ZAG LILLE;FR11114;Wattignies;Périurbaine;PM10;Fond;Oui;mesures fixes;Moy. annuelle;13.0;12.891666666666667;µg-m3;4.0;3.0;0.0;N;-1;50.59774;3.04946
2024/01/01 00:00:00;2024/12/31 23:59:59;ATMO OCCITANIE;FR76ZAG01;ZAG TOULOUSE;FR12004;Toulouse école m. Jacquier;Urbaine;PM10;Fond;Oui;mesures fixes;Moy. annuelle;13.0;13.025606343283552;µg-m3;99.0;98.0;98.0;R;1;43.575694;1.418064
2024/01/01 00:00:00;2024/12/31 23:59:59;ATMO OCCITANIE;FR76ZRE01;ZR OCCITANIE;FR12020;Peyrusse Vieille;Rurale nationale;PM10;Fond;Oui;mesures fixes;Moy. annuelle;9.0;8.70981961533866;µg/m3;99.0;96.0;95.0;R;1;43.6287;0.179069
2024/01/01 00:00:00;2024/12/31 23:59:59;ATMO OCCITANIE;FR76ZAG01;ZAG TOULOUSE;FR12021;Toulouse Mazades;Urbaine;PM10;Fond;Oui;mesures indicatives;Moy. annuelle;12.0;12.281337746832543;µg-m3;;;;R;1;43.623606;1.438531
2024/01/01 00:00:00;2024/12/31 23:59:59;ATMO OCCITANIE;FR76ZRE01;ZR OCCITANIE;FR12026;Albi Delmas;Urbaine;PM10;Fond;Oui;mesures fixes;Moy. annuelle;12.0;12.317138237671763;µg-m3;99.0;100.0;99.0;R;1;43.927769;2.145897
2024/01/01 00:00:00;2024/12/31 23:59:59;ATMO OCCITANIE;FR76ZAG01;ZAG TOULOUSE;FR12030;Toulouse Berthelot;Urbaine;PM10;Fond;Oui;mesures fixes;Moy. annuelle;12.0;12.456271497362925;µg-m3;99.0;100.0;99.0;R;1;43.587344;1.444003
2024/01/01 00:00:00;2024/12/31 23:59:59;ATMO OCCITANIE;FR76ZAG01;ZAG TOULOUSE;FR12039;Toulouse-SETMI Eisenhower;Urbaine;PM10;Industrielle;Oui;mesures indicatives;Moy. annuelle;15.0;14.62115680929241;µg-m3;;;;R;1;43.561581;1.393261
2024/01/01 00:00:00;2024/12/31 23:59:59;ATMO OCCITANIE;FR76ZAG01;ZAG TOULOUSE;FR12040;Toulouse SETMI Chapitre;Urbaine;PM10;Industrielle;Oui;mesures indicatives;Moy. annuelle;15.0;15.28135141400092;µg-m3;;;;R;1;43.556375;1.403964
2024/01/01 00:00:00;2024/12/31 23:59:59;ATMO OCCITANIE;FR76ZRE01;ZR OCCITANIE;FR12042;Lourdes Lapaca;Urbaine;PM10;Fond;Oui;mesures fixes;Moy. annuelle;12.0;12.006632893496715;µg-m3;98.0;98.0;97.0;R;1;43.096247;-0.040497
2024/01/01 00:00:00;2024/12/31 23:59:59;ATMO OCCITANIE;FR76ZAG01;ZAG TOULOUSE;FR12044;Toulouse - Aéroport Blagnac côté trafic;Urbaine;PM10;Industrielle;Oui;mesures indicatives;Moy. annuelle;13.0;12.530271713887593;µg-m3;;;;R;1;43.633478;1.375717
2024/01/01 00:00:00;2024/12/31 23:59:59;ATMO OCCITANIE;FR76ZRE01;ZR OCCITANIE;FR12047;Bessières-ECONOTRE;Rurale près des villes;PM10;Industrielle;Oui;mesures fixes;Moy. annuelle;12.0;11.644821047641578;µg/m3;96.0;100.0;96.0;R;1;43.803139;1.595475
2024/01/01 00:00:00;2024/12/31 23:59:59;ATMO OCCITANIE;FR76ZRE01;ZR OCCITANIE;FR12052;Tarbes lycée Dupuy;Urbaine;PM10;Fond;Oui;mesures fixes;Moy. annuelle;14.0;13.66998372471516;µg-m3;98.0;100.0;98.0;R;1;43.230297;0.062339
2024/01/01 00:00:00;2024/12/31 23:59:59;ATMO OCCITANIE;FR76ZRE01;ZR OCCITANIE;FR12053;Castres stadeTravet;Urbaine;PM10;Fond;Oui;mesures fixes;Moy. annuelle;12.0;12.43243891299387;µg-m3;100.0;100.0;100.0;R;1;43.610497;2.23015
2024/01/01 00:00:00;2024/12/31 23:59:59;ATMO OCCITANIE;FR76ZAG01;ZAG TOULOUSE;FR12054;Toulouse Rte Albi;Urbaine;PM10;Trafic;Oui;mesures fixes;Moy. annuelle;15.0;14.65773219635859;µg-m3;99.0;100.0;99.0;R;1;43.643944;1.468244
2024/01/01 00:00:00;2024/12/31 23:59:59;ATMO OCCITANIE;FR76ZAG01;ZAG TOULOUSE;FR12085;Toulouse Port de l'Embouchure;Urbaine;PM10;Trafic;Oui;mesures fixes;Moy. annuelle;19.0;18.93239864470158;µg-m3;98.0;99.0;97.0;R;1;43.610386;1.4152
2024/01/01 00:00:00;2024/12/31 23:59:59;ATMO OCCITANIE;FR76ZRE01;ZR OCCITANIE;FR12095;Rodez Camonil;Urbaine;PM10;Fond;Oui;mesures fixes;Moy. annuelle;10.0;10.479945211733819;µg-m3;100.0;100.0;100.0;R;1;44.35699225;2.57070422
2024/01/01 00:00:00;2024/12/31 23:59:59;ATMO GRAND EST;FR44ZRE01;ZR GRAND-EST;FR14008;REVIN;Rurale nationale;PM10;Fond;Oui;mesures fixes;Moy. annuelle;9.0;9.155709463391895;µg-m3;98.0;100.0;98.0;R;1;49.90778;4.63
2024/01/01 00:00:00;2024/12/31 23:59:59;ATMO GRAND EST;FR44ZAR01;ZAR REIMS;FR14010;BETHENY;Périurbaine;PM10;Fond;Oui;mesures fixes;Moy. annuelle;13.0;12.93142618251317;µg-m3;96.0;99.0;95.0;R;1;49.28222;4.051111
2024/01/01 00:00:00;2024/12/31 23:59:59;ATMO GRAND EST;FR44ZAR01;ZAR REIMS;FR14011;DOUMER;Urbaine;PM10;Trafic;Oui;mesures fixes;Moy. annuelle;17.0;17.24154589371971;µg-m3;92.0;99.0;92.0;R;1;49.250732;4.023064
2024/01/01 00:00:00;2024/12/31 23:59:59;ATMO GRAND EST;FR44ZAR01;ZAR REIMS;FR14012;Jean d Aulan;Urbaine;PM10;Fond;Oui;mesures fixes;Moy. annuelle;14.0;14.490423768939438;µg-m3;96.0;100.0;96.0;R;1;49.224167;4.020556
2024/01/01 00:00:00;2024/12/31 23:59:59;ATMO GRAND EST;FR44ZRE01;ZR GRAND-EST;FR14022;CHALONS;Urbaine;PM10;Fond;Oui;mesures fixes;Moy. annuelle;11.0;11.43345777548923;µg-m3;88.0;100.0;88.0;R;1;48.962223;4.36
2024/01/01 00:00:00;2024/12/31 23:59:59;ATMO GRAND EST;FR44ZRE01;ZR GRAND-EST;FR14028;Rempart Perrier;Urbaine;PM10;Trafic;Oui;mesures fixes;Moy. annuelle;16.0;15.839304453935336;µg/m3;94.0;99.0;93.0;R;1;49.0461;3.955911
2024/01/01 00:00:00;2024/12/31 23:59:59;ATMO GRAND EST;FR44ZRE01;ZR GRAND-EST;FR14033;STE SAVINE;Urbaine;PM10;Fond;Oui;mesures fixes;Moy. annuelle;11.0;10.944079935312493;µg/m3;99.0;100.0;99.0;R;1;48.295002;4.050278
2024/01/01 00:00:00;2024/12/31 23:59:59;ATMO GRAND EST;FR44ZRE01;ZR GRAND-EST;FR14042;St DIZIER L. Michel;Urbaine;PM10;Fond;Oui;mesures fixes;Moy. annuelle;12.0;12.466662481165255;µg-m3;91.0;100.0;91.0;R;1;48.645836;4.966111
2024/01/01 00:00:00;2024/12/31 23:59:59;ATMO GRAND EST;FR44ZRE01;ZR GRAND-EST;FR14051;CHARLEVILLE;Urbaine;PM10;Fond;Oui;mesures fixes;Moy. annuelle;15.0;14.591009519332468;µg-m3;97.0;100.0;97.0;R;1;49.745277;4.719167
2024/01/01 00:00:00;2024/12/31 23:59:59;ATMO AUVERGNE-RHÔNE-ALPES;FR84ZAG02;ZAG GRENOBLE;FR15018;Voiron Urbain;Urbaine;PM10;Fond;Oui;mesures indicatives;Moy. annuelle;13.0;12.915743280307195;µg-m3;;;;N;-1;45.360176;5.589419
2024/01/01 00:00:00;2024/12/31 23:59:59;ATMO AUVERGNE-RHÔNE-ALPES;FR84ZAG02;ZAG GRENOBLE;FR15038;St Martin d'Heres;Urbaine;PM10;Fond;Oui;mesures indicatives;Moy. annuelle;16.0;16.273853892763228;µg-m3;;;;R;1;45.1828;5.7531
2024/01/01 00:00:00;2024/12/31 23:59:59;ATMO AUVERGNE-RHÔNE-ALPES;FR84ZAG02;ZAG GRENOBLE;FR15043;Grenoble Les Frenes;Urbaine;PM10;Fond;Oui;mesures indicatives;Moy. annuelle;15.0;15.08510235475093;µg-m3;;;;R;1;45.1619;5.7356
2024/01/01 00:00:00;2024/12/31 23:59:59;ATMO AUVERGNE-RHÔNE-ALPES;FR84ZAG02;ZAG GRENOBLE;FR15045;Grenoble PeriurbSud;Périurbaine;PM10;Fond;Oui;mesures indicatives;Moy. annuelle;13.0;13.128791340950084;µg-m3;;;;R;1;45.0578;5.6767
2024/01/01 00:00:00;2024/12/31 23:59:59;ATMO AUVERGNE-RHÔNE-ALPES;FR84ZAG02;ZAG GRENOBLE;FR15046;Grenoble Boulevards;Urbaine;PM10;Trafic;Oui;mesures fixes;Moy. annuelle;18.0;17.910387260224407;µg-m3;94.0;100.0;94.0;R;1;45.18069;5.720625
2024/01/01 00:00:00;2024/12/31 23:59:59;ATMO AUVERGNE-RHÔNE-ALPES;FR84ZAG02;ZAG GRENOBLE;FR15048;Gresivaudan Periurb;Périurbaine;PM10;Fond;Oui;mesures indicatives;Moy. annuelle;14.0;14.486650513441793;µg-m3;;;;R;1;45.2797;5.8822
2024/01/01 00:00:00;2024/12/31 23:59:59;ATMO AUVERGNE-RHÔNE-ALPES;FR84ZAG02;ZAG GRENOBLE;FR15053;Rocade Sud Eybens;Urbaine;PM10;Trafic;Oui;mesures fixes;Moy. annuelle;21.0;21.470993509735383;µg-m3;92.0;99.0;91.0;R;1;45.15467;5.74523
2024/01/01 00:00:00;2024/12/31 23:59:59;ATMO GRAND EST;FR44ZAG01;ZAG STRASBOURG;FR16029;Strasbourg Nord;Urbaine;PM10;Fond;Oui;mesures fixes;Moy. annuelle;15.0;14.772379521553246;µg-m3;99.0;100.0;99.0;R;1;48.610363;7.781631
2024/01/01 00:00:00;2024/12/31 23:59:59;ATMO GRAND EST;FR44ZAG01;ZAG STRASBOURG;FR16034;Strasbourg Clemenceau;Urbaine;PM10;Trafic;Oui;mesures fixes;Moy. annuelle;17.0;16.97203263242564;µg-m3;99.0;100.0;99.0;R;1;48.59043;7.744983
2024/01/01 00:00:00;2024/12/31 23:59:59;ATMO GRAND EST;FR44ZRE01;ZR GRAND-EST;FR16054;Colmar Centre;Urbaine;PM10;Fond;Oui;mesures fixes;Moy. annuelle;13.0;12.782690277940654;µg-m3;97.0;100.0;97.0;R;1;48.0744444;7.3505555
2024/01/01 00:00:00;2024/12/31 23:59:59;ATMO GRAND EST;FR44ZRE01;ZR GRAND-EST;FR16057;Mulhouse Nord;Urbaine;PM10;Fond;Oui;mesures fixes;Moy. annuelle;11.0;10.522366805794283;µg-m3;93.0;100.0;93.0;R;1;47.757435;7.347294
2024/01/01 00:00:00;2024/12/31 23:59:59;ATMO GRAND EST;FR44ZRE01;ZR GRAND-EST;FR16066;Mulhouse Sud 2;Urbaine;PM10;Fond;Oui;mesures fixes;Moy. annuelle;14.0;13.60583382439599;µg-m3;97.0;100.0;97.0;R;1;47.737415;7.309075
2024/01/01 00:00:00;2024/12/31 23:59:59;ATMO GRAND EST;FR44ZRE01;ZR GRAND-EST;FR16069;Mulhouse-Briand;Urbaine;PM10;Trafic;Oui;mesures fixes;Moy. annuelle;15.0;15.153568800588658;µg/m3;93.0;100.0;93.0;R;1;47.747684;7.321364
2024/01/01 00:00:00;2024/12/31 23:59:59;ATMO GRAND EST;FR44ZAG01;ZAG STRASBOURG;FR16215;Strasbourg A35 Remparts;Urbaine;PM10;Trafic;Oui;mesures fixes;Moy. annuelle;21.0;21.10087976539586;µg-m3;97.0;100.0;97.0;R;1;48.588056;7.729722
2024/01/01 00:00:00;2024/12/31 23:59:59;ATMO GRAND EST;FR44ZRE01;ZR GRAND-EST;FR16302;Donon Vosges Moyennes 2;Rurale nationale;PM10;Fond;Oui;mesures fixes;Moy. annuelle;7.0;7.131618584173342;µg-m3;98.0;100.0;98.0;R;1;48.492992;7.1298
2024/01/01 00:00:00;2024/12/31 23:59:59;ATMO HAUTS DE FRANCE;FR32ZAR02;ZAR AMIENS;FR18035;Salouel;Périurbaine;PM10;Fond;Oui;mesures fixes;Moy. annuelle;10.0;9.983596421994259;µg-m3;87.0;99.0;87.0;R;1;49.86889;2.239806
2024/01/01 00:00:00;2024/12/31 23:59:59;ATMO HAUTS DE FRANCE;FR32ZRE01;ZR HAUTS-DE-FRANCE;FR18039;Arrest;Rurale régionale;PM10;Fond;Oui;mesures fixes;Moy. annuelle;12.0;12.402308149910787;µg-m3;96.0;100.0;96.0;R;1;50.129448;1.610833
2024/01/01 00:00:00;2024/12/31 23:59:59;ATMO HAUTS DE FRANCE;FR32ZRE01;ZR HAUTS-DE-FRANCE;FR18042;P. Roth St Quentin;Urbaine;PM10;Fond;Oui;mesures fixes;Moy. annuelle;14.0;13.974235807860262;µg-m3;96.0;100.0;96.0;R;1;49.851334;3.284
2024/01/01 00:00:00;2024/12/31 23:59:59;ATMO HAUTS DE FRANCE;FR32ZAR03;ZAR CREIL;FR18043;Faiencerie Creil;Urbaine;PM10;Fond;Oui;mesures fixes;Moy. annuelle;13.0;12.988945827232747;µg-m3;95.0;99.0;93.0;R;1;49.259552;2.474397
2024/01/01 00:00:00;2024/12/31 23:59:59;ATMO HAUTS DE FRANCE;FR32ZAR02;ZAR AMIENS;FR18053;St Pierre Amiens;Urbaine;PM10;Fond;Oui;mesures fixes;Moy. annuelle;12.0;12.301780450418596;µg-m3;99.0;98.0;97.0;R;1;49.901667;2.304597
2024/01/01 00:00:00;2024/12/31 23:59:59;ATMO HAUTS DE FRANCE;FR32ZRE01;ZR HAUTS-DE-FRANCE;FR18057;Neuilly-Saint-Front;Rurale régionale;PM10;Fond;Oui;mesures indicatives;Moy. annuelle;12.0;11.934888786975472;µg/m3;;;;R;1;49.174931;3.260819
2024/01/01 00:00:00;2024/12/31 23:59:59;ATMO HAUTS DE FRANCE;FR32ZRE01;ZR HAUTS-DE-FRANCE;FR18058;Gaudechart;Rurale régionale;PM10;Fond;Oui;mesures fixes;Moy. annuelle;12.0;12.040059311981013;µg-m3;98.0;98.0;96.0;R;1;49.61563;1.963259
2024/01/01 00:00:00;2024/12/31 23:59:59;ATMO HAUTS DE FRANCE;FR32ZRE01;ZR HAUTS-DE-FRANCE;FR18089;Trafic Beauvais 1;Urbaine;PM10;Trafic;Oui;mesures fixes;Moy. annuelle;15.0;15.362884492661115;µg-m3;89.0;100.0;89.0;R;1;49.435932;2.084292
2024/01/01 00:00:00;2024/12/31 23:59:59;AIR BREIZH;FR53ZAG01;ZAG RENNES;FR19002;Rennes Laennec;Urbaine;PM10;Trafic;Oui;mesures fixes;Moy. annuelle;13.0;13.34870092709167;µg-m3;99.0;100.0;99.0;R;1;48.10861;-1.66586
2024/01/01 00:00:00;2024/12/31 23:59:59;AIR BREIZH;FR53ZAR01;ZAR BREST;FR19012;Brest Mace;Urbaine;PM10;Fond;Oui;mesures fixes;Moy. annuelle;14.0;14.112797032572185;µg-m3;99.0;99.0;98.0;R;1;48.38618;-4.4866
2024/01/01 00:00:00;2024/12/31 23:59:59;AIR BREIZH;FR53ZAR01;ZAR BREST;FR19014;Brest Desmoulins;Urbaine;PM10;Trafic;Oui;mesures fixes;Moy. annuelle;15.0;15.342808862185496;µg-m3;94.0;97.0;91.0;R;1;48.39746;-4.48871
2024/01/01 00:00:00;2024/12/31 23:59:59;AIR BREIZH;FR53ZRE01;ZR BRETAGNE;FR19020;Kergoff;Rurale nationale;PM10;Fond;Oui;mesures fixes;Moy. annuelle;8.0;8.397646653656281;µg-m3;99.0;100.0;99.0;R;1;48.261963;-2.943631
2024/01/01 00:00:00;2024/12/31 23:59:59;AIR BREIZH;FR53ZRE01;ZR BRETAGNE;FR19032;Lorient B. Bissonnet;Urbaine;PM10;Fond;Oui;mesures fixes;Moy. annuelle;13.0;12.968167015585012;µg-m3;98.0;100.0;98.0;R;1;47.7425;-3.39501
2024/01/01 00:00:00;2024/12/31 23:59:59;AIR BREIZH;FR53ZRE01;ZR BRETAGNE;FR19033;Vannes UTA;Urbaine;PM10;Fond;Oui;mesures fixes;Moy. annuelle;12.0;12.282217573221734;µg-m3;98.0;100.0;98.0;R;1;47.64892;-2.76399
2024/01/01 00:00:00;2024/12/31 23:59:59;AIR BREIZH;FR53ZRE01;ZR BRETAGNE;FR19037;Lorient Normandie;Urbaine;PM10;Trafic;Oui;mesures fixes;Moy. annuelle;13.0;13.454391194680106;µg-m3;99.0;100.0;99.0;R;1;47.758947;-3.36938
2024/01/01 00:00:00;2024/12/31 23:59:59;AIR BREIZH;FR53ZAG01;ZAG RENNES;FR19039;Rennes Thabor;Urbaine;PM10;Fond;Oui;mesures fixes;Moy. annuelle;13.0;12.694933554817252;µg-m3;96.0;99.0;96.0;R;1;48.11521;-1.673088
2024/01/01 00:00:00;2024/12/31 23:59:59;AIR BREIZH;FR53ZRE01;ZR BRETAGNE;FR19053;Quimper Zola;Urbaine;PM10;Fond;Oui;mesures fixes;Moy. annuelle;11.0;11.428934707903853;µg-m3;99.0;100.0;99.0;R;1;47.986606;-4.097658
2024/01/01 00:00:00;2024/12/31 23:59:59;AIR BREIZH;FR53ZRE01;ZR BRETAGNE;FR19061;Saint Brieuc Balzac;Urbaine;PM10;Fond;Oui;mesures fixes;Moy. annuelle;13.0;13.087211449676797;µg-m3;99.0;100.0;99.0;R;1;48.51351;-2.74953
2024/01/01 00:00:00;2024/12/31 23:59:59;AIR BREIZH;FR53ZRE01;ZR BRETAGNE;FR19082;StMalo Rocabey;Périurbaine;PM10;Fond;Oui;mesures fixes;Moy. annuelle;16.0;16.26789056875441;µg-m3;95.0;100.0;95.0;R;1;48.65306;-2.00268
2024/01/01 00:00:00;2024/12/31 23:59:59;ATMO AUVERGNE-RHÔNE-ALPES;FR84ZAG01;ZAG LYON;FR20013;A7 SUD LYONNAIS;Périurbaine;PM10;Trafic;Oui;mesures fixes;Moy. annuelle;22.0;22.32445923460911;µg-m3;96.0;100.0;96.0;R;1;45.720024;4.818156
2024/01/01 00:00:00;2024/12/31 23:59:59;ATMO AUVERGNE-RHÔNE-ALPES;FR84ZAG01;ZAG LYON;FR20017;GERLAND;Urbaine;PM10;Fond;Oui;mesures indicatives;Moy. annuelle;15.0;15.195455591348368;µg-m3;;;;R;1;45.73529;4.829794
2024/01/01 00:00:00;2024/12/31 23:59:59;ATMO AUVERGNE-RHÔNE-ALPES;FR84ZAG01;ZAG LYON;FR20029;FEYZIN STADE;Périurbaine;PM10;Industrielle;Oui;mesures indicatives;Moy. annuelle;18.0;18.07287972011096;µg-m3;;;;R;1;45.6639;4.8459
2024/01/01 00:00:00;2024/12/31 23:59:59;ATMO AUVERGNE-RHÔNE-ALPES;FR84ZAG01;ZAG LYON;FR20037;TERNAY;Périurbaine;PM10;Fond;Oui;mesures indicatives;Moy. annuelle;24.0;23.66659242761693;µg-m3;;;;N;-1;45.6019;4.8022
2024/01/01 00:00:00;2024/12/31 23:59:59;ATMO AUVERGNE-RHÔNE-ALPES;FR84ZAG01;ZAG LYON;FR20047;COTIERE AIN;Périurbaine;PM10;Fond;Oui;mesures indicatives;Moy. annuelle;14.0;14.390933967876265;µg-m3;;;;R;1;45.823223;4.953958
2024/01/01 00:00:00;2024/12/31 23:59:59;ATMO AUVERGNE-RHÔNE-ALPES;FR84ZAG01;ZAG LYON;FR20048;SAINT EXUPERY;Périurbaine;PM10;Fond;Oui;mesures indicatives;Moy. annuelle;14.0;13.502897045244696;µg-m3;;;;R;1;45.7533;5.0722
2024/01/01 00:00:00;2024/12/31 23:59:59;ATMO AUVERGNE-RHÔNE-ALPES;FR84ZAG01;ZAG LYON;FR20062;LYON Centre;Urbaine;PM10;Fond;Oui;mesures fixes;Moy. annuelle;16.0;16.03751148897055;µg-m3;99.0;100.0;99.0;R;1;45.757732;4.854214
2024/01/01 00:00:00;2024/12/31 23:59:59;ATMO AUVERGNE-RHÔNE-ALPES;FR84ZAG01;ZAG LYON;FR20069;Lyon Périphérique;Urbaine;PM10;Trafic;Oui;mesures fixes;Moy. annuelle;21.0;21.420264691597833;µg-m3;94.0;100.0;94.0;R;1;45.77482;4.898572
2024/01/01 00:00:00;2024/12/31 23:59:59;ATMO AUVERGNE-RHÔNE-ALPES;FR84ZAG01;ZAG LYON;FR20070;LYON TRAFIC JAURES;Urbaine;PM10;Trafic;Oui;mesures fixes;Moy. annuelle;13.0;13.452684843433723;µg-m3;96.0;100.0;96.0;R;1;45.7496944;4.84438888888888
2024/01/01 00:00:00;2024/12/31 23:59:59;ATMO AUVERGNE-RHÔNE-ALPES;FR84ZAG01;ZAG LYON;FR20077;Villefranche Centre ;Urbaine;PM10;Fond;Oui;mesures fixes;Moy. annuelle;13.0;13.33271188379275;µg-m3;100.0;100.0;100.0;R;1;45.990112;4.715566
2024/01/01 00:00:00;2024/12/31 23:59:59;ATMO NORMANDIE;FR28ZAR02;ZAR CAEN;FR21001;Caen Chemin-Vert;Urbaine;PM10;Fond;Oui;mesures fixes;Moy. annuelle;11.0;10.993598536808376;µg-m3;100.0;100.0;100.0;R;1;49.19222;-0.391111
2024/01/01 00:00:00;2024/12/31 23:59:59;ATMO NORMANDIE;FR28ZAR02;ZAR CAEN;FR21019;IFS Caen sud;Urbaine;PM10;Fond;Oui;mesures fixes;Moy. annuelle;11.0;11.426930624495006;µg-m3;99.0;100.0;99.0;R;1;49.15167;-0.352778
2024/01/01 00:00:00;2024/12/31 23:59:59;ATMO NORMANDIE;FR28ZRE02;ZR NORMANDIE;FR21021;Lisieux;Urbaine;PM10;Fond;Oui;mesures fixes;Moy. annuelle;11.0;11.19251322751323;µg-m3;98.0;44.0;43.0;N;-1;49.147224;0.227222
2024/01/01 00:00:00;2024/12/31 23:59:59;ATMO NORMANDIE;FR28ZRE02;ZR NORMANDIE;FR21031;Alençon Météo-France;Périurbaine;PM10;Fond;Oui;mesures fixes;Moy. annuelle;10.0;9.99239626082989;µg-m3;100.0;100.0;100.0;R;1;48.445553;0.110833
2024/01/01 00:00:00;2024/12/31 23:59:59;ATMO NORMANDIE;FR28ZRE02;ZR NORMANDIE;FR21038;Cherbourg Hotel de Ville;Urbaine;PM10;Fond;Oui;mesures fixes;Moy. annuelle;13.0;12.773705815279374;µg-m3;100.0;100.0;100.0;R;1;49.64225;-1.624361
2024/01/01 00:00:00;2024/12/31 23:59:59;ATMO NORMANDIE;FR28ZRE02;ZR NORMANDIE;FR21039;Cherbourg PMF;Urbaine;PM10;Trafic;Oui;mesures fixes;Moy. annuelle;14.0;13.586134057115872;µg-m3;96.0;100.0;96.0;R;1;49.6338888888888;-1.62472222221668
2024/01/01 00:00:00;2024/12/31 23:59:59;ATMO NORMANDIE;FR28ZRE02;ZR NORMANDIE;FR21040;Saint-Lô Eglise;Urbaine;PM10;Fond;Oui;mesures fixes;Moy. annuelle;13.0;13.132233954205658;µg-m3;96.0;100.0;96.0;R;1;49.11639;-1.084722
2024/01/01 00:00:00;2024/12/31 23:59:59;ATMO NORMANDIE;FR28ZRE02;ZR NORMANDIE;FR21050;La Coulonche MERA;Rurale nationale;PM10;Fond;Oui;mesures fixes;Moy. annuelle;8.0;8.34847651775488;µg-m3;99.0;100.0;99.0;R;1;48.645;-0.458333
2024/01/01 00:00:00;2024/12/31 23:59:59;ATMO NORMANDIE;FR28ZAR02;ZAR CAEN;FR21101;Caen Montalivet;Urbaine;PM10;Trafic;Oui;mesures fixes;Moy. annuelle;15.0;15.202257950112257;µg-m3;97.0;99.0;96.0;R;1;49.1798333190825;-0.329750000088734
2024/01/01 00:00:00;2024/12/31 23:59:59;ATMO GRAND EST;FR44ZRE01;ZR GRAND-EST;FR22009;Ecole de Carling(9);Périurbaine;PM10;Industrielle;Oui;mesures fixes;Moy. annuelle;12.0;11.55343620178045;µg-m3;96.0;100.0;96.0;R;1;49.165726;6.716886
2024/01/01 00:00:00;2024/12/31 23:59:59;ATMO GRAND EST;FR44ZRE01;ZR GRAND-EST;FR22054;Station de FORBACH;Urbaine;PM10;Fond;Oui;mesures fixes;Moy. annuelle;12.0;12.158262711864381;µg-m3;97.0;100.0;97.0;R;1;49.18742;6.910867
2024/01/01 00:00:00;2024/12/31 23:59:59;AIR PAYS DE LA LOIRE;FR52ZAG01;ZAG NANTES-SAINT-NAZAIRE;FR23003;LA MEGRETAIS;Périurbaine;PM10;Industrielle;Oui;mesures fixes;Moy. annuelle;12.0;11.608548892239908;µg-m3;98.0;100.0;98.0;R;1;47.322706;-2.039244
2024/01/01 00:00:00;2024/12/31 23:59:59;AIR PAYS DE LA LOIRE;FR52ZRE01;ZR PAYS-DE-LA-LOIRE;FR23068;FROSSAY;Rurale près des villes;PM10;Industrielle;Oui;mesures fixes;Moy. annuelle;12.0;11.699095799473481;µg-m3;99.0;100.0;99.0;R;1;47.24747;-1.936619
2024/01/01 00:00:00;2024/12/31 23:59:59;AIR PAYS DE LA LOIRE;FR52ZAG01;ZAG NANTES-SAINT-NAZAIRE;FR23070;S ETIENNE DE MONTLUC;Périurbaine;PM10;Industrielle;Oui;mesures fixes;Moy. annuelle;11.0;10.743610825625199;µg-m3;100.0;100.0;100.0;R;1;47.28318;-1.783164
2024/01/01 00:00:00;2024/12/31 23:59:59;AIR PAYS DE LA LOIRE;FR52ZRE01;ZR PAYS-DE-LA-LOIRE;FR23078;SAINT EXUPERY;Urbaine;PM10;Fond;Oui;mesures fixes;Moy. annuelle;12.0;12.459597230962867;µg-m3;90.0;100.0;90.0;R;1;47.054443;-0.886111
2024/01/01 00:00:00;2024/12/31 23:59:59;AIR PAYS DE LA LOIRE;FR52ZAG01;ZAG NANTES-SAINT-NAZAIRE;FR23107;LA CHAUVINIERE;Urbaine;PM10;Fond;Oui;mesures fixes;Moy. annuelle;11.0;11.361511505665234;µg-m3;97.0;100.0;97.0;R;1;47.252777;-1.573333
2024/01/01 00:00:00;2024/12/31 23:59:59;AIR PAYS DE LA LOIRE;FR52ZAG01;ZAG NANTES-SAINT-NAZAIRE;FR23110;LEON BLUM;Urbaine;PM10;Fond;Oui;mesures fixes;Moy. annuelle;12.0;12.3592363261094;µg-m3;99.0;100.0;99.0;R;1;47.26412;-2.249858
2024/01/01 00:00:00;2024/12/31 23:59:59;AIR PAYS DE LA LOIRE;FR52ZAR01;ZAR ANGERS-LOIRE;FR23120;BEAUX ARTS;Urbaine;PM10;Fond;Oui;mesures fixes;Moy. annuelle;11.0;11.447876712328787;µg-m3;100.0;100.0;100.0;R;1;47.468513;-0.556053
2024/01/01 00:00:00;2024/12/31 23:59:59;AIR PAYS DE LA LOIRE;FR52ZAR03;ZAR LAVAL;FR23123;MAZAGRAN;Urbaine;PM10;Fond;Oui;mesures fixes;Moy. annuelle;12.0;12.270475859673425;µg-m3;98.0;100.0;98.0;R;1;48.06943;-0.767692
2024/01/01 00:00:00;2024/12/31 23:59:59;AIR PAYS DE LA LOIRE;FR52ZRE01;ZR PAYS-DE-LA-LOIRE;FR23124;LA TARDIERE;Rurale nationale;PM10;Fond;Oui;mesures fixes;Moy. annuelle;11.0;10.750764525993901;µg-m3;97.0;99.0;97.0;R;1;46.656685;-0.743681
2024/01/01 00:00:00;2024/12/31 23:59:59;AIR PAYS DE LA LOIRE;FR52ZRE01;ZR PAYS-DE-LA-LOIRE;FR23152;DELACROIX;Urbaine;PM10;Fond;Oui;mesures fixes;Moy. annuelle;12.0;11.871345496009097;µg-m3;100.0;100.0;100.0;R;1;46.6607;-1.436831
2024/01/01 00:00:00;2024/12/31 23:59:59;AIR PAYS DE LA LOIRE;FR52ZRE01;ZR PAYS-DE-LA-LOIRE;FR23177;SAINT-DENIS D'ANJOU;Rurale régionale;PM10;Fond;Oui;mesures fixes;Moy. annuelle;11.0;10.968533941814059;µg-m3;100.0;100.0;100.0;R;1;47.78773;-0.444044
2024/01/01 00:00:00;2024/12/31 23:59:59;AIR PAYS DE LA LOIRE;FR52ZAG01;ZAG NANTES-SAINT-NAZAIRE;FR23178;PARSCAU DU PLESSIS;Périurbaine;PM10;Industrielle;Oui;mesures fixes;Moy. annuelle;10.0;10.491183616799752;µg-m3;98.0;100.0;98.0;R;1;47.319157;-2.066953
2024/01/01 00:00:00;2024/12/31 23:59:59;AIR PAYS DE LA LOIRE;FR52ZAR02;ZAR LE-MANS;FR23182;SOURCES;Urbaine;PM10;Fond;Oui;mesures fixes;Moy. annuelle;11.0;10.756665526285827;µg-m3;100.0;100.0;100.0;R;1;47.971066;0.221422
2024/01/01 00:00:00;2024/12/31 23:59:59;AIR PAYS DE LA LOIRE;FR52ZAG01;ZAG NANTES-SAINT-NAZAIRE;FR23188;CIM BOUTEILLERIE;Urbaine;PM10;Fond;Oui;mesures fixes;Moy. annuelle;12.0;11.917265526345949;µg-m3;99.0;100.0;99.0;R;1;47.2225;-1.5375
2024/01/01 00:00:00;2024/12/31 23:59:59;AIR PAYS DE LA LOIRE;FR52ZAG01;ZAG NANTES-SAINT-NAZAIRE;FR23238;LEVOYER;Urbaine;PM10;Industrielle;Oui;mesures fixes;Moy. annuelle;16.0;16.018428053204342;µg-m3;98.0;96.0;94.0;R;1;47.1941472;-1.581677778
2024/01/01 00:00:00;2024/12/31 23:59:59;AIR PAYS DE LA LOIRE;FR52ZAG01;ZAG NANTES-SAINT-NAZAIRE;FR23239;LES COUETS;Urbaine;PM10;Industrielle;Oui;mesures fixes;Moy. annuelle;14.0;13.630098916627412;µg-m3;97.0;100.0;97.0;R;1;47.1859194;-1.59149722222222
2024/01/01 00:00:00;2024/12/31 23:59:59;AIR PAYS DE LA LOIRE;FR52ZAR01;ZAR ANGERS-LOIRE;FR23242;ROI RENE;Urbaine;PM10;Trafic;Oui;mesures fixes;Moy. annuelle;13.0;13.483679525222573;µg-m3;100.0;100.0;100.0;R;1;47.466992;-0.554686
2024/01/01 00:00:00;2024/12/31 23:59:59;AIR PAYS DE LA LOIRE;FR52ZAG01;ZAG NANTES-SAINT-NAZAIRE;FR23249;CAME;Périurbaine;PM10;Industrielle;Oui;mesures fixes;Moy. annuelle;12.0;12.41441616253849;µg-m3;100.0;100.0;100.0;R;1;47.3210778;-2.127322
2024/01/01 00:00:00;2024/12/31 23:59:59;AIR PAYS DE LA LOIRE;FR52ZAG01;ZAG NANTES-SAINT-NAZAIRE;FR23251;FRERES GONCOURT;Urbaine;PM10;Trafic;Oui;mesures fixes;Moy. annuelle;16.0;15.785124955159572;µg-m3;96.0;99.0;95.0;R;1;47.204122;-1.564811
2024/01/01 00:00:00;2024/12/31 23:59:59;ATMO SUD;FR93ZAG02;ZAG NICE;FR24009;CANNES BROUSSAILLES;Urbaine;PM10;Fond;Oui;mesures fixes;Moy. annuelle;15.0;14.788762495691119;µg-m3;99.0;100.0;99.0;R;1;43.558389;7.005919
2024/01/01 00:00:00;2024/12/31 23:59:59;ATMO SUD;FR93ZRE02;ZR PROVENCE-ALPES-COTE-D-AZUR;FR24018;MANOSQUE;Urbaine;PM10;Fond;Oui;mesures fixes;Moy. annuelle;13.0;13.241993613138668;µg-m3;100.0;100.0;100.0;R;1;43.835784;5.786131
2024/01/01 00:00:00;2024/12/31 23:59:59;ATMO SUD;FR93ZAG02;ZAG NICE;FR24021;PEILLON;Périurbaine;PM10;Industrielle;Oui;mesures fixes;Moy. annuelle;20.0;19.610046755616434;µg-m3;100.0;100.0;100.0;R;1;43.786583;7.373283
2024/01/01 00:00:00;2024/12/31 23:59:59;ATMO SUD;FR93ZAG02;ZAG NICE;FR24023;CONTES 2;Périurbaine;PM10;Industrielle;Oui;mesures fixes;Moy. annuelle;18.0;18.48187017001549;µg-m3;96.0;77.0;74.0;N;-1;43.788748;7.332382
2024/01/01 00:00:00;2024/12/31 23:59:59;ATMO SUD;FR93ZRE02;ZR PROVENCE-ALPES-COTE-D-AZUR;FR24033;GAP COMMANDERIE;Urbaine;PM10;Fond;Oui;mesures fixes;Moy. annuelle;17.0;16.800679410409945;µg-m3;99.0;100.0;99.0;R;1;44.555193;6.073015
2024/01/01 00:00:00;2024/12/31 23:59:59;ATMO SUD;FR93ZAG02;ZAG NICE;FR24035;NICE PROMENADE;Urbaine;PM10;Trafic;Oui;mesures fixes;Moy. annuelle;20.0;20.384438654666134;µg-m3;96.0;100.0;96.0;R;1;43.689291;7.242074
2024/01/01 00:00:00;2024/12/31 23:59:59;ATMO SUD;FR93ZAG02;ZAG NICE;FR24036;NICE ARSON;Urbaine;PM10;Fond;Oui;mesures fixes;Moy. annuelle;18.0;18.064856043827984;µg-m3;98.0;100.0;98.0;R;1;43.702075;7.286256
2024/01/01 00:00:00;2024/12/31 23:59:59;ATMO SUD;FR93ZRE02;ZR PROVENCE-ALPES-COTE-D-AZUR;FR24038;GAP JEAN JAURES;Urbaine;PM10;Trafic;Oui;mesures fixes;Moy. annuelle;17.0;16.509216860396883;µg-m3;98.0;99.0;97.0;R;1;44.548647;6.067237
2024/01/01 00:00:00;2024/12/31 23:59:59;ATMO SUD;FR93ZRE02;ZR PROVENCE-ALPES-COTE-D-AZUR;FR24039;Obs Haute-Provence;Rurale près des villes;PM10;Fond;Oui;mesures fixes;Moy. annuelle;8.0;8.059326993416228;µg-m3;98.0;96.0;93.0;R;1;43.933476;5.711809
2024/01/01 00:00:00;2024/12/31 23:59:59;ATMO NORMANDIE;FR28ZAG01;ZAG ROUEN;FR25035;Gd Couronne Mairie;Urbaine;PM10;Industrielle;Oui;mesures fixes;Moy. annuelle;12.0;11.818329676003604;µg-m3;89.0;99.0;88.0;R;1;49.358215;1.007853
2024/01/01 00:00:00;2024/12/31 23:59:59;ATMO NORMANDIE;FR28ZAG01;ZAG ROUEN;FR25036;Espace du Palais;Urbaine;PM10;Fond;Oui;mesures fixes;Moy. annuelle;14.0;13.65482685009493;µg-m3;97.0;99.0;96.0;R;1;49.442358;1.093789
2024/01/01 00:00:00;2024/12/31 23:59:59;ATMO NORMANDIE;FR28ZRE02;ZR NORMANDIE;FR25039;Evreux Centre;Urbaine;PM10;Fond;Oui;mesures fixes;Moy. annuelle;11.0;11.285833143378143;µg-m3;100.0;100.0;100.0;R;1;49.02134;1.148319
2024/01/01 00:00:00;2024/12/31 23:59:59;ATMO NORMANDIE;FR28ZAG01;ZAG ROUEN;FR25043;Centre Hospitalier;Urbaine;PM10;Fond;Oui;mesures fixes;Moy. annuelle;12.0;11.74869935543274;µg-m3;99.0;100.0;99.0;R;1;49.4005;1.099042
2024/01/01 00:00:00;2024/12/31 23:59:59;ATMO NORMANDIE;FR28ZAG01;ZAG ROUEN;FR25048;Petit Quevilly;Urbaine;PM10;Fond;Oui;mesures fixes;Moy. annuelle;15.0;15.326535947712422;µg-m3;64.0;14.0;9.0;N;-1;49.42815;1.058025
2024/01/01 00:00:00;2024/12/31 23:59:59;ATMO NORMANDIE;FR28ZRE02;ZR NORMANDIE;FR25049;Base loisirs Poses;Rurale près des villes;PM10;Fond;Oui;mesures fixes;Moy. annuelle;12.0;11.535956346927078;µg-m3;99.0;100.0;99.0;R;1;49.30487;1.214367
2024/01/01 00:00:00;2024/12/31 23:59:59;ATMO NORMANDIE;FR28ZRE02;ZR NORMANDIE;FR25051;Dieppe prox-auto;Urbaine;PM10;Trafic;Oui;mesures fixes;Moy. annuelle;17.0;17.32892727059097;µg-m3;97.0;100.0;97.0;R;1;49.918007;1.073972
2024/01/01 00:00:00;2024/12/31 23:59:59;ATMO NORMANDIE;FR28ZAG01;ZAG ROUEN;FR25053;Rouen Proxi Quai de Paris;Urbaine;PM10;Trafic;Oui;mesures fixes;Moy. annuelle;16.0;15.558277066356222;µg-m3;98.0;100.0;98.0;R;1;49.436699;1.098838
2024/01/01 00:00:00;2024/12/31 23:59:59;ATMO NORMANDIE;FR28ZAG01;ZAG ROUEN;FR25054;Petit-Quevilly Sud 3;Urbaine;PM10;Trafic;Oui;mesures fixes;Moy. annuelle;18.0;18.40782325244472;µg-m3;94.0;100.0;94.0;R;1;49.4341639;1.067052778
2024/01/01 00:00:00;2024/12/31 23:59:59;ATMO NORMANDIE;FR28ZRE02;ZR NORMANDIE;FR25055;Dieppe Golf;Périurbaine;PM10;Fond;Oui;mesures fixes;Moy. annuelle;12.0;12.147546608715569;µg-m3;100.0;100.0;100.0;R;1;49.920492;1.047892
2024/01/01 00:00:00;2024/12/31 23:59:59;ATMO BOURGOGNE-FRANCHE-COMTE;FR27ZAR02;ZAR DIJON;FR26005;Dijon Péjoces;Périurbaine;PM10;Fond;Oui;mesures fixes;Moy. annuelle;13.0;13.169130892502073;µg-m3;98.0;100.0;97.0;R;1;47.307368;5.065881
2024/01/01 00:00:00;2024/12/31 23:59:59;ATMO BOURGOGNE-FRANCHE-COMTE;FR27ZRE01;ZR BOURGOGNE-FRANCHE-COMTE;FR26012;Morvan;Rurale nationale;PM10;Fond;Oui;mesures fixes;Moy. annuelle;8.0;7.827682682091861;µg-m3;98.0;99.0;96.0;R;1;47.274762;4.099476
2024/01/01 00:00:00;2024/12/31 23:59:59;ATMO BOURGOGNE-FRANCHE-COMTE;FR27ZAR02;ZAR DIJON;FR26014;Dijon Trémouille;Urbaine;PM10;Fond;Oui;mesures fixes;Moy. annuelle;13.0;12.51178519942336;µg-m3;95.0;100.0;95.0;R;1;47.325744;5.041056
2024/01/01 00:00:00;2024/12/31 23:59:59;ATMO BOURGOGNE-FRANCHE-COMTE;FR27ZRE01;ZR BOURGOGNE-FRANCHE-COMTE;FR26016;Sens;Urbaine;PM10;Fond;Oui;mesures fixes;Moy. annuelle;12.0;12.016668613479704;µg-m3;98.0;99.0;97.0;R;1;48.200436;3.2773
2024/01/01 00:00:00;2024/12/31 23:59:59;ATMO BOURGOGNE-FRANCHE-COMTE;FR27ZRE01;ZR BOURGOGNE-FRANCHE-COMTE;FR26017;Nevers;Urbaine;PM10;Fond;Oui;mesures fixes;Moy. annuelle;11.0;10.684010499885888;µg-m3;100.0;100.0;100.0;R;1;46.996828;3.171092
2024/01/01 00:00:00;2024/12/31 23:59:59;ATMO BOURGOGNE-FRANCHE-COMTE;FR27ZRE01;ZR BOURGOGNE-FRANCHE-COMTE;FR26019;Auxerre;Urbaine;PM10;Fond;Oui;mesures fixes;Moy. annuelle;11.0;11.45791210086018;µg-m3;97.0;99.0;97.0;R;1;47.800575;3.576189
2024/01/01 00:00:00;2024/12/31 23:59:59;ATMO BOURGOGNE-FRANCHE-COMTE;FR27ZAR02;ZAR DIJON;FR26094;Dijon Ardennes;Urbaine;PM10;Trafic;Oui;mesures fixes;Moy. annuelle;14.0;13.88247805119325;µg-m3;94.0;98.0;92.0;R;1;47.351367;5.070706
2024/01/01 00:00:00;2024/12/31 23:59:59;ATMO AUVERGNE-RHÔNE-ALPES;FR84ZAR02;ZAR VALLEE-DU-RHONE;FR27002;ROUSSILLON;Urbaine;PM10;Fond;Oui;mesures indicatives;Moy. annuelle;13.0;13.300887850467292;µg-m3;;;;N;-1;45.36782;4.805147
2024/01/01 00:00:00;2024/12/31 23:59:59;ATMO AUVERGNE-RHÔNE-ALPES;FR84ZAG01;ZAG LYON;FR27007;Bourgoin-Jallieu;Urbaine;PM10;Fond;Oui;mesures indicatives;Moy. annuelle;12.0;11.967833569071196;µg-m3;;;;R;1;45.60822;5.270872
2024/01/01 00:00:00;2024/12/31 23:59:59;ATMO AUVERGNE-RHÔNE-ALPES;FR84ZAR02;ZAR VALLEE-DU-RHONE;FR27011;A7 Salaise Ouest;Périurbaine;PM10;Trafic;Oui;mesures indicatives;Moy. annuelle;17.0;16.547434701492527;µg-m3;;;;R;1;45.344078;4.807481
2024/01/01 00:00:00;2024/12/31 23:59:59;ATMO HAUTS DE FRANCE;FR32ZAR04;ZAR ARRAS;FR28022;St-Laurent-Blangy;Périurbaine;PM10;Fond;Oui;mesures fixes;Moy. annuelle;14.0;14.094459668771574;µg-m3;96.0;100.0;96.0;R;1;50.30886;2.807369
2024/01/01 00:00:00;2024/12/31 23:59:59;ATMO HAUTS DE FRANCE;FR32ZAG01;ZAG BLDV;FR28028;Bethune Stade;Urbaine;PM10;Fond;Oui;mesures fixes;Moy. annuelle;13.0;12.893511308861664;µg-m3;92.0;100.0;92.0;R;1;50.535385;2.635692
2024/01/01 00:00:00;2024/12/31 23:59:59;ATMO HAUTS DE FRANCE;FR32ZAG01;ZAG BLDV;FR28033;Noeux-les-Mines;Périurbaine;PM10;Fond;Oui;mesures indicatives;Moy. annuelle;15.0;14.884457950880654;µg-m3;;;;R;1;50.48972;2.66642
2024/01/01 00:00:00;2024/12/31 23:59:59;ATMO HAUTS DE FRANCE;FR32ZAG01;ZAG BLDV;FR28115;Lens Varsovie;Urbaine;PM10;Trafic;Oui;mesures indicatives;Moy. annuelle;15.0;14.997956834532376;µg-m3;;;;R;1;50.428604;2.836111
2024/01/01 00:00:00;2024/12/31 23:59:59;ATMO AUVERGNE-RHÔNE-ALPES;FR84ZRE02;ZR AUVERGNE-RHONE-ALPES;FR29423;ROANNE;Urbaine;PM10;Fond;Oui;mesures indicatives;Moy. annuelle;10.0;9.872369031061659;µg-m3;;;;R;1;46.04111;4.074656
2024/01/01 00:00:00;2024/12/31 23:59:59;ATMO AUVERGNE-RHÔNE-ALPES;FR84ZAG03;ZAG SAINT-ETIENNE;FR29424;SAINT ETIENNE SUD;Urbaine;PM10;Fond;Oui;mesures fixes;Moy. annuelle;13.0;12.81651270207853;µg-m3;99.0;100.0;99.0;R;1;45.42009;4.395422
2024/01/01 00:00:00;2024/12/31 23:59:59;ATMO AUVERGNE-RHÔNE-ALPES;FR84ZAG03;ZAG SAINT-ETIENNE;FR29426;SAINT-CHAMOND;Urbaine;PM10;Fond;Oui;mesures indicatives;Moy. annuelle;12.0;12.2996748448123;µg-m3;;;;N;-1;45.475327;4.515003
2024/01/01 00:00:00;2024/12/31 23:59:59;ATMO AUVERGNE-RHÔNE-ALPES;FR84ZAG03;ZAG SAINT-ETIENNE;FR29429;RIVE DE GIER;Périurbaine;PM10;Trafic;Oui;mesures indicatives;Moy. annuelle;22.0;21.68;µg-m3;;;;N;-1;45.533424;4.623939
2024/01/01 00:00:00;2024/12/31 23:59:59;ATMO AUVERGNE-RHÔNE-ALPES;FR84ZAG03;ZAG SAINT-ETIENNE;FR29439;LA TALAUDIERE;Périurbaine;PM10;Fond;Oui;mesures indicatives;Moy. annuelle;13.0;13.430482277745494;µg-m3;;;;R;1;45.481777;4.429667
2024/01/01 00:00:00;2024/12/31 23:59:59;ATMO AUVERGNE-RHÔNE-ALPES;FR84ZAG03;ZAG SAINT-ETIENNE;FR29441;ST ETIENNE BD URBAIN ;Urbaine;PM10;Trafic;Oui;mesures fixes;Moy. annuelle;18.0;17.636820877817296;µg-m3;96.0;100.0;96.0;R;1;45.4479806;4.388763889
2024/01/01 00:00:00;2024/12/31 23:59:59;ATMO GRAND EST;FR44ZRE01;ZR GRAND-EST;FR30019;Epinal;Urbaine;PM10;Fond;Oui;mesures fixes;Moy. annuelle;13.0;12.500907837278746;µg-m3;99.0;100.0;99.0;R;1;48.1726528;6.45281666
2024/01/01 00:00:00;2024/12/31 23:59:59;ATMO GRAND EST;FR44ZAG03;ZAG NANCY;FR30021;Fléville;Périurbaine;PM10;Fond;Oui;mesures fixes;Moy. annuelle;15.0;14.87487037260348;µg-m3;94.0;100.0;94.0;R;1;48.621502;6.194922
2024/01/01 00:00:00;2024/12/31 23:59:59;ATMO GRAND EST;FR44ZRE01;ZR GRAND-EST;FR30027;Frolois;Urbaine;PM10;Industrielle;Oui;mesures fixes;Moy. annuelle;14.0;13.694797956339947;µg-m3;99.0;99.0;98.0;R;1;48.565445;6.129578
2024/01/01 00:00:00;2024/12/31 23:59:59;ATMO GRAND EST;FR44ZAG03;ZAG NANCY;FR30030;Neuves-Maisons;Urbaine;PM10;Industrielle;Oui;mesures fixes;Moy. annuelle;15.0;14.834474123539241;µg-m3;95.0;100.0;95.0;R;1;48.614914;6.107672
2024/01/01 00:00:00;2024/12/31 23:59:59;ATMO GRAND EST;FR44ZRE01;ZR GRAND-EST;FR30032;Heming;Rurale près des villes;PM10;Industrielle;Oui;mesures fixes;Moy. annuelle;17.0;17.34936530324399;µg-m3;97.0;100.0;97.0;R;1;48.694725;6.965275
2024/01/01 00:00:00;2024/12/31 23:59:59;ATMO GRAND EST;FR44ZRE01;ZR GRAND-EST;FR30033;Jonville en Woevre;Rurale régionale;PM10;Fond;Oui;mesures fixes;Moy. annuelle;14.0;14.03484848484852;µg-m3;96.0;100.0;96.0;R;1;49.06583;5.785556
2024/01/01 00:00:00;2024/12/31 23:59:59;ATMO GRAND EST;FR44ZAG03;ZAG NANCY;FR30034;Nancy-Charles III;Urbaine;PM10;Fond;Oui;mesures fixes;Moy. annuelle;13.0;12.734501694123166;µg-m3;97.0;100.0;97.0;R;1;48.68817;6.190431
2024/01/01 00:00:00;2024/12/31 23:59:59;ATMO NOUVELLE-AQUITAINE;FR75ZAG01;ZAG BORDEAUX;FR31001;GRAND PARC;Urbaine;PM10;Fond;Oui;mesures fixes;Moy. annuelle;16.0;15.625302036589602;µg-m3;99.0;100.0;99.0;R;1;44.86121;-0.58037
2024/01/01 00:00:00;2024/12/31 23:59:59;ATMO NOUVELLE-AQUITAINE;FR75ZAG01;ZAG BORDEAUX;FR31002;TALENCE;Urbaine;PM10;Fond;Oui;mesures fixes;Moy. annuelle;13.0;12.866597586248934;µg-m3;94.0;99.0;93.0;R;1;44.800462;-0.589398
2024/01/01 00:00:00;2024/12/31 23:59:59;ATMO NOUVELLE-AQUITAINE;FR75ZAG01;ZAG BORDEAUX;FR31003;BORDEAUX-BASTIDE;Urbaine;PM10;Trafic;Oui;mesures fixes;Moy. annuelle;14.0;14.482584269662928;µg-m3;93.0;2.0;2.0;N;-1;44.849647;-0.544995
2024/01/01 00:00:00;2024/12/31 23:59:59;ATMO NOUVELLE-AQUITAINE;FR75ZAG01;ZAG BORDEAUX;FR31006;MERIGNAC;Urbaine;PM10;Trafic;Oui;mesures fixes;Moy. annuelle;15.0;14.730653089887602;µg-m3;97.0;100.0;97.0;R;1;44.841373;-0.651068
2024/01/01 00:00:00;2024/12/31 23:59:59;ATMO NOUVELLE-AQUITAINE;FR75ZAG01;ZAG BORDEAUX;FR31007;BASSENS;Urbaine;PM10;Fond;Oui;mesures fixes;Moy. annuelle;13.0;13.386104943321268;µg-m3;97.0;100.0;97.0;R;1;44.900296;-0.515835
2024/01/01 00:00:00;2024/12/31 23:59:59;ATMO NOUVELLE-AQUITAINE;FR75ZRE02;ZR NOUVELLE-AQUITAINE;FR31013;BILLERE;Urbaine;PM10;Fond;Oui;mesures fixes;Moy. annuelle;12.0;12.17722113951622;µg-m3;99.0;100.0;99.0;R;1;43.310797;-0.391543
2024/01/01 00:00:00;2024/12/31 23:59:59;ATMO NOUVELLE-AQUITAINE;FR75ZAG02;ZAG BAYONNE;FR31016;SAINT-CROUTS;Urbaine;PM10;Fond;Oui;mesures fixes;Moy. annuelle;14.0;13.50084461413855;µg-m3;98.0;100.0;98.0;R;1;43.47982;-1.489157
2024/01/01 00:00:00;2024/12/31 23:59:59;ATMO NOUVELLE-AQUITAINE;FR75ZAG02;ZAG BAYONNE;FR31017;ANGLET;Urbaine;PM10;Trafic;Oui;mesures fixes;Moy. annuelle;19.0;19.249788161239557;µg-m3;95.0;99.0;94.0;R;1;43.494041;-1.528753
2024/01/01 00:00:00;2024/12/31 23:59:59;ATMO NOUVELLE-AQUITAINE;FR75ZRE02;ZR NOUVELLE-AQUITAINE;FR31021;LABASTIDE CEZERACQ;Rurale près des villes;PM10;Fond;Oui;mesures fixes;Moy. annuelle;11.0;10.732016584129926;µg-m3;99.0;100.0;99.0;R;1;43.376279;-0.538206
2024/01/01 00:00:00;2024/12/31 23:59:59;ATMO NOUVELLE-AQUITAINE;FR75ZRE02;ZR NOUVELLE-AQUITAINE;FR31026;TARTAS Pelletrin;Périurbaine;PM10;Industrielle;Oui;mesures fixes;Moy. annuelle;13.0;13.400846867749408;µg-m3;98.0;100.0;98.0;R;1;43.838876;-0.81203
2024/01/01 00:00:00;2024/12/31 23:59:59;ATMO NOUVELLE-AQUITAINE;FR75ZRE02;ZR NOUVELLE-AQUITAINE;FR31033;PERIGUEUX;Urbaine;PM10;Fond;Oui;mesures fixes;Moy. annuelle;12.0;12.283558139534899;µg-m3;98.0;100.0;98.0;R;1;45.189825;0.727184
2024/01/01 00:00:00;2024/12/31 23:59:59;ATMO NOUVELLE-AQUITAINE;FR75ZRE02;ZR NOUVELLE-AQUITAINE;FR31039;PAU TOURASSE;Urbaine;PM10;Trafic;Oui;mesures fixes;Moy. annuelle;15.0;14.885461893764408;µg-m3;99.0;100.0;99.0;R;1;43.311091;-0.352116
2024/01/01 00:00:00;2024/12/31 23:59:59;ATMO NOUVELLE-AQUITAINE;FR75ZRE02;ZR NOUVELLE-AQUITAINE;FR31040;MARMANDE;Périurbaine;PM10;Trafic;Oui;mesures fixes;Moy. annuelle;14.0;13.967267773741577;µg-m3;88.0;100.0;88.0;R;1;44.508782;0.142695
2024/01/01 00:00:00;2024/12/31 23:59:59;ATMO NOUVELLE-AQUITAINE;FR75ZAG02;ZAG BAYONNE;FR31043;Biarritz-hippodrome;Périurbaine;PM10;Fond;Oui;mesures fixes;Moy. annuelle;17.0;17.116366366366336;µg-m3;99.0;100.0;99.0;R;1;43.470237;-1.553876
2024/01/01 00:00:00;2024/12/31 23:59:59;ATMO NOUVELLE-AQUITAINE;FR75ZAG01;ZAG BORDEAUX;FR31045;Bordeaux_GAUTIER;Urbaine;PM10;Trafic;Oui;mesures fixes;Moy. annuelle;18.0;17.729673416832473;µg-m3;97.0;100.0;97.0;R;1;44.833825;-0.598525
2024/01/01 00:00:00;2024/12/31 23:59:59;ATMO NOUVELLE-AQUITAINE;FR75ZRE02;ZR NOUVELLE-AQUITAINE;FR31055;MONT-DE-MARSAN - MIDOUZE;Urbaine;PM10;Fond;Oui;mesures fixes;Moy. annuelle;13.0;12.722183563287334;µg-m3;95.0;100.0;95.0;R;1;43.888972;-0.507028
2024/01/01 00:00:00;2024/12/31 23:59:59;ATMO NOUVELLE-AQUITAINE;FR75ZAG01;ZAG BORDEAUX;FR31057;Floirac Branne;Urbaine;PM10;Trafic;Oui;mesures fixes;Moy. annuelle;15.0;14.845500469924811;µg-m3;98.0;99.0;97.0;R;1;44.84341;-0.50698
2024/01/01 00:00:00;2024/12/31 23:59:59;ATMO BOURGOGNE-FRANCHE-COMTE;FR27ZAR04;ZAR CHALON;FR32001;Chalon Centre Ville;Urbaine;PM10;Trafic;Oui;mesures fixes;Moy. annuelle;11.0;11.249532710280373;µg-m3;50.0;2.0;1.0;N;-1;46.782311;4.847322
2024/01/01 00:00:00;2024/12/31 23:59:59;ATMO BOURGOGNE-FRANCHE-COMTE;FR27ZAR04;ZAR CHALON;FR32002;Champforgueil;Périurbaine;PM10;Fond;Oui;mesures fixes;Moy. annuelle;13.0;12.629832282621633;µg-m3;96.0;100.0;96.0;R;1;46.821056;4.835083
2024/01/01 00:00:00;2024/12/31 23:59:59;ATMO BOURGOGNE-FRANCHE-COMTE;FR27ZRE01;ZR BOURGOGNE-FRANCHE-COMTE;FR32005;Montceau-les-Mines 9me écluse;Urbaine;PM10;Fond;Oui;mesures fixes;Moy. annuelle;12.0;12.249532386560443;µg-m3;99.0;100.0;99.0;R;1;46.678785;4.366893
2024/01/01 00:00:00;2024/12/31 23:59:59;ATMO AUVERGNE-RHÔNE-ALPES;FR84ZAR01;ZAR PAYS-DE-SAVOIE;FR33101;PASTEUR;Urbaine;PM10;Fond;Oui;mesures indicatives;Moy. annuelle;11.0;11.471078431372558;µg-m3;;;;R;1;45.56472;5.928333
2024/01/01 00:00:00;2024/12/31 23:59:59;ATMO AUVERGNE-RHÔNE-ALPES;FR84ZAR01;ZAR PAYS-DE-SAVOIE;FR33105;Chambéry Trafic;Urbaine;PM10;Trafic;Oui;mesures indicatives;Moy. annuelle;11.0;11.313598600787058;µg-m3;;;;R;1;45.56943;5.932986
2024/01/01 00:00:00;2024/12/31 23:59:59;ATMO AUVERGNE-RHÔNE-ALPES;FR84ZRE02;ZR AUVERGNE-RHONE-ALPES;FR33111;SAINT JEAN;Urbaine;PM10;Fond;Oui;mesures indicatives;Moy. annuelle;11.0;11.44519642638599;µg-m3;;;;R;1;45.274723;6.349722
2024/01/01 00:00:00;2024/12/31 23:59:59;ATMO AUVERGNE-RHÔNE-ALPES;FR84ZRE02;ZR AUVERGNE-RHONE-ALPES;FR33113;Maurienne Trafic;Périurbaine;PM10;Trafic;Oui;mesures fixes;Moy. annuelle;9.0;9.116662699357304;µg-m3;96.0;100.0;96.0;R;1;45.209364;6.480326
2024/01/01 00:00:00;2024/12/31 23:59:59;ATMO AUVERGNE-RHÔNE-ALPES;FR84ZAR03;ZAR VALLEE-DE-L-ARVE;FR33120;CHAMONIX;Urbaine;PM10;Fond;Oui;mesures indicatives;Moy. annuelle;15.0;14.529500460405167;µg-m3;;;;R;1;45.9225;6.87
2024/01/01 00:00:00;2024/12/31 23:59:59;ATMO AUVERGNE-RHÔNE-ALPES;FR84ZAR04;ZAR VALLEE-DE-LA-TARANTAISE;FR33121;Albertville;Urbaine;PM10;Fond;Oui;mesures fixes;Moy. annuelle;14.0;14.205880988284399;µg-m3;98.0;100.0;98.0;R;1;45.675;6.389722
2024/01/01 00:00:00;2024/12/31 23:59:59;ATMO AUVERGNE-RHÔNE-ALPES;FR84ZAR04;ZAR VALLEE-DE-LA-TARANTAISE;FR33122;La Léchère;Rurale près des villes;PM10;Industrielle;Oui;mesures fixes;Moy. annuelle;17.0;17.260165829732617;µg-m3;97.0;100.0;97.0;R;1;45.53583;6.471111
2024/01/01 00:00:00;2024/12/31 23:59:59;ATMO AUVERGNE-RHÔNE-ALPES;FR84ZAR01;ZAR PAYS-DE-SAVOIE;FR33201;LOVERCHY;Urbaine;PM10;Fond;Oui;mesures fixes;Moy. annuelle;18.0;17.557272510150433;µg-m3;95.0;100.0;95.0;R;1;45.89528;6.118333
2024/01/01 00:00:00;2024/12/31 23:59:59;ATMO AUVERGNE-RHÔNE-ALPES;FR84ZAR01;ZAR PAYS-DE-SAVOIE;FR33203;ANNECY Rocade;Urbaine;PM10;Trafic;Oui;mesures fixes;Moy. annuelle;19.0;18.70902565309487;µg-m3;97.0;100.0;97.0;R;1;45.9097;6.11825
2024/01/01 00:00:00;2024/12/31 23:59:59;ATMO AUVERGNE-RHÔNE-ALPES;FR84ZAR01;ZAR PAYS-DE-SAVOIE;FR33211;ANNEMASSE;Urbaine;PM10;Fond;Oui;mesures indicatives;Moy. annuelle;15.0;15.186167827215865;µg/m3;;;;R;1;46.19583;6.240556
2024/01/01 00:00:00;2024/12/31 23:59:59;ATMO AUVERGNE-RHÔNE-ALPES;FR84ZAR01;ZAR PAYS-DE-SAVOIE;FR33212;GAILLARD;Urbaine;PM10;Fond;Oui;mesures indicatives;Moy. annuelle;13.0;12.86210056121866;µg-m3;;;;R;1;46.193641;6.214534
2024/01/01 00:00:00;2024/12/31 23:59:59;ATMO AUVERGNE-RHÔNE-ALPES;FR84ZAR03;ZAR VALLEE-DE-L-ARVE;FR33220;PASSY;Périurbaine;PM10;Fond;Oui;mesures fixes;Moy. annuelle;19.0;18.675880469583735;µg-m3;96.0;100.0;96.0;R;1;45.92361;6.713611
2024/01/01 00:00:00;2024/12/31 23:59:59;ATMO AUVERGNE-RHÔNE-ALPES;FR84ZAR03;ZAR VALLEE-DE-L-ARVE;FR33232;BOSSONS;Urbaine;PM10;Trafic;Oui;mesures fixes;Moy. annuelle;15.0;14.568395870057904;µg-m3;90.0;100.0;90.0;R;1;45.907223;6.845833
2024/01/01 00:00:00;2024/12/31 23:59:59;ATMO AUVERGNE-RHÔNE-ALPES;FR84ZRE02;ZR AUVERGNE-RHONE-ALPES;FR33302;St Germain/Rhône;Rurale près des villes;PM10;Fond;Oui;mesures indicatives;Moy. annuelle;10.0;9.78502296008477;µg-m3;;;;N;-1;46.072224;5.820833
2024/01/01 00:00:00;2024/12/31 23:59:59;ATMO AUVERGNE-RHÔNE-ALPES;FR84ZRE02;ZR AUVERGNE-RHONE-ALPES;FR33305;Bourg-en-Bresse;Urbaine;PM10;Fond;Oui;mesures fixes;Moy. annuelle;12.0;11.509096292786912;µg-m3;98.0;98.0;96.0;R;1;46.211666;5.226389
2024/01/01 00:00:00;2024/12/31 23:59:59;LIG'AIR;FR24ZAG02;ZAG ORLEANS;FR34013;Gambetta;Urbaine;PM10;Trafic;Oui;mesures fixes;Moy. annuelle;13.0;12.838095238095237;µg-m3;98.0;100.0;98.0;R;1;47.907083;1.901139
2024/01/01 00:00:00;2024/12/31 23:59:59;LIG'AIR;FR24ZAG01;ZAG TOURS;FR34024;Joué lès Tours;Urbaine;PM10;Fond;Oui;mesures fixes;Moy. annuelle;11.0;10.65473769355213;µg-m3;99.0;100.0;99.0;R;1;47.344139;0.653778
2024/01/01 00:00:00;2024/12/31 23:59:59;LIG'AIR;FR24ZAG01;ZAG TOURS;FR34025;La Bruyère;Urbaine;PM10;Fond;Oui;mesures fixes;Moy. annuelle;10.0;10.386768447837149;µg-m3;91.0;5.0;4.0;N;-1;47.419083;0.682944
2024/01/01 00:00:00;2024/12/31 23:59:59;LIG'AIR;FR24ZAG01;ZAG TOURS;FR34028;Pompidou;Urbaine;PM10;Trafic;Oui;mesures fixes;Moy. annuelle;14.0;13.607029795158333;µg-m3;98.0;100.0;98.0;R;1;47.394639;0.704861
2024/01/01 00:00:00;2024/12/31 23:59:59;LIG'AIR;FR24ZAG02;ZAG ORLEANS;FR34029;La_Source-CNRS;Urbaine;PM10;Fond;Oui;mesures fixes;Moy. annuelle;10.0;10.430653382761832;µg-m3;99.0;99.0;98.0;R;1;47.83775;1.944667
2024/01/01 00:00:00;2024/12/31 23:59:59;LIG'AIR;FR24ZRE02;ZR CENTRE-VAL-DE-LOIRE;FR34030;Bourges-Baffier;Urbaine;PM10;Trafic;Oui;mesures fixes;Moy. annuelle;10.0;10.356721915285476;µg-m3;99.0;100.0;99.0;R;1;47.075044;2.407183
2024/01/01 00:00:00;2024/12/31 23:59:59;LIG'AIR;FR24ZRE02;ZR CENTRE-VAL-DE-LOIRE;FR34032;Leblanc;Urbaine;PM10;Fond;Oui;mesures fixes;Moy. annuelle;11.0;11.098886827458259;µg-m3;99.0;99.0;98.0;R;1;47.082778;2.405333
2024/01/01 00:00:00;2024/12/31 23:59:59;LIG'AIR;FR24ZRE02;ZR CENTRE-VAL-DE-LOIRE;FR34041;Fulbert;Urbaine;PM10;Fond;Oui;mesures fixes;Moy. annuelle;12.0;11.510887656033313;µg-m3;99.0;100.0;98.0;R;1;48.444417;1.510139
2024/01/01 00:00:00;2024/12/31 23:59:59;LIG'AIR;FR24ZRE02;ZR CENTRE-VAL-DE-LOIRE;FR34046;Dreux Centre;Urbaine;PM10;Fond;Oui;mesures fixes;Moy. annuelle;11.0;11.128607305936052;µg-m3;100.0;100.0;100.0;R;1;48.729694;1.358472
2024/01/01 00:00:00;2024/12/31 23:59:59;LIG'AIR;FR24ZRE02;ZR CENTRE-VAL-DE-LOIRE;FR34047;Saint-Remy;Périurbaine;PM10;Trafic;Oui;mesures fixes;Moy. annuelle;15.0;14.856353400735324;µg-m3;99.0;100.0;99.0;R;1;48.760889;1.233639
2024/01/01 00:00:00;2024/12/31 23:59:59;LIG'AIR;FR24ZRE02;ZR CENTRE-VAL-DE-LOIRE;FR34051;Chateauroux Sud;Urbaine;PM10;Fond;Oui;mesures fixes;Moy. annuelle;11.0;10.941136655385721;µg-m3;98.0;100.0;98.0;R;1;46.798278;1.693139
2024/01/01 00:00:00;2024/12/31 23:59:59;LIG'AIR;FR24ZAR02;ZAR BLOIS;FR34061;Blois nord;Urbaine;PM10;Fond;Oui;mesures fixes;Moy. annuelle;11.0;10.911173504469412;µg-m3;99.0;100.0;99.0;R;1;47.594256;1.302667
2024/01/01 00:00:00;2024/12/31 23:59:59;LIG'AIR;FR24ZRE02;ZR CENTRE-VAL-DE-LOIRE;FR34066;Montargis Les Cites;Urbaine;PM10;Fond;Oui;mesures fixes;Moy. annuelle;11.0;11.08683782527882;µg-m3;98.0;100.0;98.0;R;1;48.00145;2.72618
2024/01/01 00:00:00;2024/12/31 23:59:59;LIG'AIR;FR24ZAG02;ZAG ORLEANS;FR34067;St Jean de la Ruelle;Urbaine;PM10;Fond;Oui;mesures fixes;Moy. annuelle;13.0;13.359417142857172;µg-m3;100.0;100.0;100.0;R;1;47.910303;1.873431
2024/01/01 00:00:00;2024/12/31 23:59:59;ATMO NOUVELLE-AQUITAINE;FR75ZRE02;ZR NOUVELLE-AQUITAINE;FR35002;ST JUNIEN - Fontaine;Urbaine;PM10;Fond;Oui;mesures fixes;Moy. annuelle;9.0;9.25484094852513;µg-m3;98.0;100.0;98.0;R;1;45.884851;0.898431
2024/01/01 00:00:00;2024/12/31 23:59:59;ATMO NOUVELLE-AQUITAINE;FR75ZRE02;ZR NOUVELLE-AQUITAINE;FR35004;BRIVE - Dalton;Urbaine;PM10;Fond;Oui;mesures fixes;Moy. annuelle;14.0;13.584164052515318;µg-m3;98.0;100.0;98.0;R;1;45.158738;1.537259
2024/01/01 00:00:00;2024/12/31 23:59:59;ATMO NOUVELLE-AQUITAINE;FR75ZRE02;ZR NOUVELLE-AQUITAINE;FR35005;GUERET - Nicolas;Urbaine;PM10;Fond;Oui;mesures fixes;Moy. annuelle;9.0;8.787590736259949;µg-m3;99.0;100.0;99.0;R;1;46.17362;1.873024
2024/01/01 00:00:00;2024/12/31 23:59:59;ATMO NOUVELLE-AQUITAINE;FR75ZRE02;ZR NOUVELLE-AQUITAINE;FR35006;TULLE - Hugo;Urbaine;PM10;Fond;Oui;mesures fixes;Moy. annuelle;10.0;10.255268667131888;µg-m3;98.0;99.0;98.0;R;1;45.262665;1.762752
2024/01/01 00:00:00;2024/12/31 23:59:59;ATMO NOUVELLE-AQUITAINE;FR75ZAR01;ZAR LIMOGES;FR35007;PALAIS S/ V.- Garros;Périurbaine;PM10;Fond;Oui;mesures fixes;Moy. annuelle;12.0;11.827164248947154;µg-m3;98.0;99.0;97.0;R;1;45.873311;1.307916
2024/01/01 00:00:00;2024/12/31 23:59:59;ATMO NOUVELLE-AQUITAINE;FR75ZAR01;ZAR LIMOGES;FR35010;LIMOGES - Aine;Urbaine;PM10;Trafic;Oui;mesures fixes;Moy. annuelle;11.0;11.299904999406259;µg-m3;96.0;100.0;96.0;R;1;45.829975;1.254772
2024/01/01 00:00:00;2024/12/31 23:59:59;ATMO NOUVELLE-AQUITAINE;FR75ZRE02;ZR NOUVELLE-AQUITAINE;FR35019;SAILLAT - Ipaper;Rurale près des villes;PM10;Industrielle;Oui;mesures fixes;Moy. annuelle;11.0;11.349249563699873;µg-m3;98.0;100.0;98.0;R;1;45.875834;0.823951
2024/01/01 00:00:00;2024/12/31 23:59:59;ATMO NOUVELLE-AQUITAINE;FR75ZAR01;ZAR LIMOGES;FR35027;LIMOGES - BERLAND;Urbaine;PM10;Fond;Oui;mesures fixes;Moy. annuelle;10.0;10.001617343427355;µg-m3;99.0;100.0;99.0;R;1;45.842204;1.259689
2024/01/01 00:00:00;2024/12/31 23:59:59;ATMO AUVERGNE-RHÔNE-ALPES;FR84ZAR02;ZAR VALLEE-DU-RHONE;FR36001;Valence Périurb. Sud;Périurbaine;PM10;Fond;Oui;mesures indicatives;Moy. annuelle;18.0;17.58134110787173;µg-m3;;;;N;-1;44.870243;4.876289
2024/01/01 00:00:00;2024/12/31 23:59:59;ATMO AUVERGNE-RHÔNE-ALPES;FR84ZAR02;ZAR VALLEE-DU-RHONE;FR36002;Valence Urb. Centre;Urbaine;PM10;Fond;Oui;mesures indicatives;Moy. annuelle;16.0;15.5637833468068;µg-m3;;;;R;1;44.933514;4.893481
2024/01/01 00:00:00;2024/12/31 23:59:59;ATMO AUVERGNE-RHÔNE-ALPES;FR84ZAR02;ZAR VALLEE-DU-RHONE;FR36019;Romans-sur-Isère;Urbaine;PM10;Fond;Oui;mesures fixes;Moy. annuelle;18.0;17.74949332105019;µg-m3;99.0;100.0;99.0;R;1;45.0425;5.0443
2024/01/01 00:00:00;2024/12/31 23:59:59;ATMO AUVERGNE-RHÔNE-ALPES;FR84ZRE02;ZR AUVERGNE-RHONE-ALPES;FR36021;Drôme Rurale Sud-SND;Rurale nationale;PM10;Fond;Oui;mesures fixes;Moy. annuelle;9.0;8.639483900433941;µg-m3;100.0;100.0;100.0;R;1;44.569443;5.278972
2024/01/01 00:00:00;2024/12/31 23:59:59;ATMO AUVERGNE-RHÔNE-ALPES;FR84ZAR02;ZAR VALLEE-DU-RHONE;FR36032;A7 Valence Est;Urbaine;PM10;Trafic;Oui;mesures fixes;Moy. annuelle;16.0;16.24810443490707;µg-m3;64.0;100.0;64.0;N;-1;44.9492;4.890133
2024/01/01 00:00:00;2024/12/31 23:59:59;GWAD'AIR;FR01ZAG01;ZAG POINTE-A-PITRE;FR37001;ST de Baie mahault;Périurbaine;PM10;Fond;Oui;mesures fixes;Moy. annuelle;26.0;25.907659115426206;µg-m3;86.0;98.0;84.0;N;-1;16.257308;-61.591725
2024/01/01 00:00:00;2024/12/31 23:59:59;GWAD'AIR;FR01ZAG01;ZAG POINTE-A-PITRE;FR37006;PTP-VICTOIRE;Urbaine;PM10;Fond;Oui;mesures fixes;Moy. annuelle;25.0;24.820475362318827;µg/m3;98.0;100.0;98.0;R;1;16.23674;-61.534101
2024/01/01 00:00:00;2024/12/31 23:59:59;GWAD'AIR;FR01ZRE01;ZR GUADELOUPE;FR37010;BT_PICHON;Urbaine;PM10;Fond;Oui;mesures fixes;Moy. annuelle;22.0;21.565542344091334;µg/m3;96.0;98.0;94.0;R;1;15.994349;-61.727203
2024/01/01 00:00:00;2024/12/31 23:59:59;GWAD'AIR;FR01ZRE01;ZR GUADELOUPE;FR37038;SXM Marigot;Urbaine;PM10;Fond;Oui;mesures indicatives;Moy. annuelle;20.0;19.674518950437324;µg/m3;;;;R;1;18.070114;-63.081481
2024/01/01 00:00:00;2024/12/31 23:59:59;GWAD'AIR;FR01ZAG01;ZAG POINTE-A-PITRE;FR37040;ABYMES RN1;Périurbaine;PM10;Trafic;Oui;mesures fixes;Moy. annuelle;21.0;21.053830451488952;µg-m3;96.0;99.0;95.0;R;1;16.254085;-61.53713
2024/01/01 00:00:00;2024/12/31 23:59:59;GWAD'AIR;FR01ZRE01;ZR GUADELOUPE;FR37041;Anse-Bertrand Campêche;Rurale régionale;PM10;Fond;Oui;mesures fixes;Moy. annuelle;24.0;24.137688044338848;µg/m3;83.0;52.0;43.0;N;-1;16.4545;-61.4281
2024/01/01 00:00:00;2024/12/31 23:59:59;ATMO REUNION;FR04ZAR01;ZAR SAINT-DENIS;FR38001;LYC. LISLET GEOFFROY;Urbaine;PM10;Fond;Oui;mesures fixes;Moy. annuelle;9.0;9.215894352081127;µg-m3;97.0;100.0;97.0;R;1;-20.889893;55.46884
2024/01/01 00:00:00;2024/12/31 23:59:59;ATMO REUNION;FR04ZAR02;ZAR VOLCAN;FR38011;Station Luther King;Urbaine;PM10;Fond;Oui;mesures fixes;Moy. annuelle;13.0;12.775845179787316;µg-m3;97.0;99.0;95.0;R;1;-21.334406;55.45906
2024/01/01 00:00:00;2024/12/31 23:59:59;ATMO REUNION;FR04ZAR02;ZAR VOLCAN;FR38014;Ligne Paradis;Périurbaine;PM10;Fond;Oui;mesures fixes;Moy. annuelle;13.0;12.59134510042614;µg-m3;96.0;97.0;94.0;R;1;-21.312895;55.474194
2024/01/01 00:00:00;2024/12/31 23:59:59;ATMO REUNION;FR04ZAR02;ZAR VOLCAN;FR38016;Station Bourg-Murat;Rurale régionale;PM10;Fond;Oui;mesures fixes;Moy. annuelle;3.0;3.2613509335236106;µg-m3;97.0;99.0;96.0;R;1;-21.204815;55.58262
2024/01/01 00:00:00;2024/12/31 23:59:59;ATMO REUNION;FR04ZAR02;ZAR VOLCAN;FR38017;Grand Coude;Rurale régionale;PM10;Fond;Oui;mesures fixes;Moy. annuelle;5.0;5.495120517342769;µg-m3;98.0;99.0;97.0;R;1;-21.29433;55.62793
2024/01/01 00:00:00;2024/12/31 23:59:59;ATMO REUNION;FR04ZAR01;ZAR SAINT-DENIS;FR38020;Plateau Caillou;Urbaine;PM10;Fond;Oui;mesures fixes;Moy. annuelle;9.0;9.060137880093569;µg-m3;92.0;100.0;92.0;R;1;-21.022112;55.266773
2024/01/01 00:00:00;2024/12/31 23:59:59;ATMO REUNION;FR04ZAR01;ZAR SAINT-DENIS;FR38021;Grand Fond;Périurbaine;PM10;Fond;Oui;mesures fixes;Moy. annuelle;18.0;17.534545208812013;µg-m3;84.0;100.0;84.0;N;-1;-21.032139;55.232563
2024/01/01 00:00:00;2024/12/31 23:59:59;ATMO REUNION;FR04ZAR01;ZAR SAINT-DENIS;FR38022;Chaussée Royale;Urbaine;PM10;Trafic;Oui;mesures fixes;Moy. annuelle;17.0;17.039479519197076;µg-m3;98.0;100.0;98.0;R;1;-20.998577;55.28062
2024/01/01 00:00:00;2024/12/31 23:59:59;ATMO REUNION;FR04ZAR02;ZAR VOLCAN;FR38023;BD BANKS;Urbaine;PM10;Trafic;Oui;mesures fixes;Moy. annuelle;19.0;18.57560081466395;µg-m3;91.0;92.0;84.0;N;-1;-21.331703;55.478949
2024/01/01 00:00:00;2024/12/31 23:59:59;ATMO REUNION;FR04ZRE01;ZR LA REUNION;FR38024;RDT SAINT-LEU;Rurale près des villes;PM10;Trafic;Oui;mesures fixes;Moy. annuelle;16.0;16.444014838065407;µg-m3;81.0;98.0;80.0;N;-1;-21.213212;55.302844
2024/01/01 00:00:00;2024/12/31 23:59:59;MADININAIR;FR02ZAR01;ZAR FORT-DE-FRANCE;FR39008;Ville de Schoelcher;Urbaine;PM10;Fond;Oui;mesures fixes;Moy. annuelle;25.0;25.020720827881522;µg-m3;96.0;100.0;96.0;R;1;14.616389;-61.100792
2024/01/01 00:00:00;2024/12/31 23:59:59;MADININAIR;FR02ZAR01;ZAR FORT-DE-FRANCE;FR39009;Lamentin;Urbaine;PM10;Fond;Oui;mesures fixes;Moy. annuelle;26.0;25.74808238636361;µg-m3;96.0;100.0;96.0;R;1;14.610653;-61.002586
2024/01/01 00:00:00;2024/12/31 23:59:59;MADININAIR;FR02ZAR01;ZAR FORT-DE-FRANCE;FR39011;Reneville;Urbaine;PM10;Trafic;Oui;mesures fixes;Moy. annuelle;40.0;39.637832356917556;µg-m3;51.0;100.0;51.0;N;-1;14.614111;-61.0530833
2024/01/01 00:00:00;2024/12/31 23:59:59;MADININAIR;FR02ZRE01;ZR MARTINIQUE;FR39014;Sainte_Luce;Périurbaine;PM10;Fond;Oui;mesures fixes;Moy. annuelle;21.0;20.68876664736528;µg-m3;99.0;100.0;98.0;R;1;14.468869;-60.927417
2024/01/01 00:00:00;2024/12/31 23:59:59;MADININAIR;FR02ZAR01;ZAR FORT-DE-FRANCE;FR39015;Fort-de-France - Hôtel de ville;Urbaine;PM10;Fond;Oui;mesures fixes;Moy. annuelle;24.0;23.685262915129094;µg-m3;99.0;100.0;99.0;R;1;14.607444;-61.069778
2024/01/01 00:00:00;2024/12/31 23:59:59;MADININAIR;FR02ZAR01;ZAR FORT-DE-FRANCE;FR39016;Robert Bourg;Urbaine;PM10;Fond;Oui;mesures fixes;Moy. annuelle;22.0;22.274161475802718;µg-m3;98.0;97.0;95.0;R;1;14.678025;-60.939056
2024/01/01 00:00:00;2024/12/31 23:59:59;ATMO GUYANE;FR03ZRE01;ZR GUYANE;FR40006;Kourou Gaston Monnerville Brady;Urbaine;PM10;Fond;Oui;mesures fixes;Moy. annuelle;24.0;23.843894825309178;µg/m3;96.0;98.0;95.0;R;1;5.164248;-52.64649
2024/01/01 00:00:00;2024/12/31 23:59:59;ATMO GUYANE;FR03ZAR01;ZAR ILE-DE-CAYENNE;FR40007;Kalou;Périurbaine;PM10;Fond;Oui;mesures fixes;Moy. annuelle;40.0;39.99176470588233;µg/m3;92.0;19.0;17.0;N;-1;4.84816;-52.3238
2024/01/01 00:00:00;2024/12/31 23:59:59;ATMO GUYANE;FR03ZAR01;ZAR ILE-DE-CAYENNE;FR40008;Caiena3;Urbaine;PM10;Fond;Oui;mesures fixes;Moy. annuelle;25.0;24.774865788189274;µg-m3;94.0;99.0;93.0;R;1;4.9378467;-52.32093
2024/01/01 00:00:00;2024/12/31 23:59:59;ATMO GUYANE;FR03ZAR01;ZAR ILE-DE-CAYENNE;FR40009;Cayenne-Bouchon;Urbaine;PM10;Trafic;Oui;mesures fixes;Moy. annuelle;27.0;26.985793166915915;µg/m3;99.0;100.0;99.0;R;1;4.920833;-52.321944
2024/01/01 00:00:00;2024/12/31 23:59:59;QUALITAIR CORSE;FR94ZAR01;ZAR AJACCIO;FR41001;AJACCIO CANETTO;Urbaine;PM10;Fond;Oui;mesures fixes;Moy. annuelle;19.0;18.842815386414184;µg-m3;98.0;99.0;97.0;R;1;41.924694;8.735694
2024/01/01 00:00:00;2024/12/31 23:59:59;QUALITAIR CORSE;FR94ZAR02;ZAR BASTIA;FR41002;BASTIA GIRAUD;Urbaine;PM10;Fond;Oui;mesures fixes;Moy. annuelle;14.0;14.23985956699825;µg-m3;99.0;99.0;97.0;R;1;42.697917;9.446417
2024/01/01 00:00:00;2024/12/31 23:59:59;QUALITAIR CORSE;FR94ZAR01;ZAR AJACCIO;FR41003;AJACCIO PIATANICCIA;Périurbaine;PM10;Industrielle;Oui;mesures fixes;Moy. annuelle;19.0;18.90072847682121;µg-m3;95.0;18.0;17.0;N;-1;41.958028;8.820278
2024/01/01 00:00:00;2024/12/31 23:59:59;QUALITAIR CORSE;FR94ZAR02;ZAR BASTIA;FR41004;BASTIA LA MARANA;Périurbaine;PM10;Industrielle;Oui;mesures fixes;Moy. annuelle;14.0;14.455715613382843;µg-m3;98.0;100.0;98.0;R;1;42.535833;9.475972
2024/01/01 00:00:00;2024/12/31 23:59:59;QUALITAIR CORSE;FR94ZRE01;ZR CORSE;FR41024;VENACO;Rurale régionale;PM10;Fond;Oui;mesures fixes;Moy. annuelle;11.0;10.606709493219151;µg-m3;96.0;99.0;96.0;R;1;42.236028;9.190028
2024/01/01 00:00:00;2024/12/31 23:59:59;QUALITAIR CORSE;FR94ZAR01;ZAR AJACCIO;FR41059;AJACCIO ABBATUCCI;Urbaine;PM10;Trafic;Oui;mesures fixes;Moy. annuelle;25.0;24.784920268084157;µg-m3;99.0;100.0;99.0;R;1;41.92575;8.738278
2024/01/01 00:00:00;2024/12/31 23:59:59;QUALITAIR CORSE;FR94ZAR02;ZAR BASTIA;FR41060;BASTIA FANGO;Urbaine;PM10;Trafic;Oui;mesures fixes;Moy. annuelle;15.0;15.056276843784543;µg-m3;95.0;98.0;93.0;R;1;42.702833;9.446389
2024/01/01 00:00:00;2024/12/31 23:59:59;QUALITAIR CORSE;FR94ZAR01;ZAR AJACCIO;FR41063;AJACCIO CONFINA 2;Périurbaine;PM10;Fond;Oui;mesures fixes;Moy. annuelle;19.0;19.475392806129026;µg-m3;96.0;91.0;88.0;R;1;41.94768611;8.79615833
2024/01/01 00:00:00;2024/12/31 23:59:59;ATMO GRAND EST;FR44ZAG01;ZAG STRASBOURG;FR42010;Strasbourg Neudorf Ecoquartier Danube;Urbaine;PM10;Fond;Oui;mesures fixes;Moy. annuelle;14.0;14.477773976508178;µg-m3;100.0;100.0;100.0;R;1;48.572808;7.767833
2024/01/01 00:00:00;2024/12/31 23:59:59;HAWA MAYOTTE;FR06ZRE01;ZR MAYOTTE;FR43001;Kawéni Village;Urbaine;PM10;Trafic;Oui;mesures fixes;Moy. annuelle;32.0;31.535923456074183;µg-m3;84.0;94.0;79.0;N;-1;-12.772944;45.223206
2024/01/01 00:00:00;2024/12/31 23:59:59;HAWA MAYOTTE;FR06ZRE01;ZR MAYOTTE;FR43002;Convalescence;Urbaine;PM10;Fond;Oui;mesures fixes;Moy. annuelle;18.0;18.171575846833605;µg-m3;97.0;95.0;93.0;R;1;-12.778186;45.220235
2024/01/01 00:00:00;2024/12/31 23:59:59;HAWA MAYOTTE;FR06ZRE01;ZR MAYOTTE;FR43099;Kawéni Nord;Périurbaine;PM10;Trafic;Oui;mesures fixes;Moy. annuelle;54.0;53.995508586525744;µg-m3;67.0;64.0;43.0;N;-1;-12.761174;45.226197
2024/01/01 00:00:00;2024/12/31 23:59:59;ATMO OCCITANIE;FR76ZRE01;ZR OCCITANIE;FR50060;Montauban - Ramierou;Urbaine;PM10;Fond;Oui;mesures fixes;Moy. annuelle;12.0;12.326193740004562;µg/m3;100.0;100.0;100.0;R;1;44.01285657;1.37530522
2024/01/01 00:00:00;2024/12/31 23:59:59;ATMO OCCITANIE;FR76ZAR01;ZAR PERPIGNAN;FR50224;Perpignan bd Pyrénées;Urbaine;PM10;Trafic;Oui;mesures fixes;Moy. annuelle;23.0;23.02116029122846;µg-m3;99.0;100.0;99.0;R;1;42.69587;2.888483
2024/01/01 00:00:00;2024/12/31 23:59:59;ATMO OCCITANIE;FR76ZAG02;ZAG MONTPELLIER;FR50225;Montpellier Liberté;Urbaine;PM10;Trafic;Oui;mesures fixes;Moy. annuelle;26.0;25.99251461988307;µg/m3;97.0;100.0;97.0;R;1;43.611606;3.827868
2024/01/01 00:00:00;2024/12/31 23:59:59;ATMO BOURGOGNE-FRANCHE-COMTE;FR27ZAR03;ZAR BESANCON;FR82006;Besançon Prévoyance;Urbaine;PM10;Fond;Oui;mesures fixes;Moy. annuelle;12.0;11.810037261294829;µg-m3;98.0;100.0;98.0;R;1;47.2474;6.015419
2024/01/01 00:00:00;2024/12/31 23:59:59;ATMO BOURGOGNE-FRANCHE-COMTE;FR27ZAR01;ZAR BELFORT-MONTBELIARD;FR82010;Montbéliard centre;Urbaine;PM10;Fond;Oui;mesures fixes;Moy. annuelle;12.0;12.480664307727357;µg-m3;100.0;100.0;100.0;R;1;47.510307;6.794
2024/01/01 00:00:00;2024/12/31 23:59:59;ATMO BOURGOGNE-FRANCHE-COMTE;FR27ZAR01;ZAR BELFORT-MONTBELIARD;FR82020;Belfort Octroi;Urbaine;PM10;Trafic;Oui;mesures fixes;Moy. annuelle;11.0;11.44729854537062;µg-m3;99.0;100.0;99.0;R;1;47.640667;6.859278
2024/01/01 00:00:00;2024/12/31 23:59:59;ATMO BOURGOGNE-FRANCHE-COMTE;FR27ZAR01;ZAR BELFORT-MONTBELIARD;FR82021;Belfort centre;Urbaine;PM10;Fond;Oui;mesures fixes;Moy. annuelle;14.0;13.983013355592673;µg-m3;94.0;29.0;27.0;N;-1;47.630755;6.858944
2024/01/01 00:00:00;2024/12/31 23:59:59;ATMO BOURGOGNE-FRANCHE-COMTE;FR27ZRE01;ZR BOURGOGNE-FRANCHE-COMTE;FR82030;Montandon Baresans;Rurale nationale;PM10;Fond;Oui;mesures fixes;Moy. annuelle;8.0;8.119883040935681;µg-m3;96.0;96.0;91.0;R;1;47.29464;6.825861
2024/01/01 00:00:00;2024/12/31 23:59:59;ATMO BOURGOGNE-FRANCHE-COMTE;FR27ZRE01;ZR BOURGOGNE-FRANCHE-COMTE;FR82040;Dole centre;Urbaine;PM10;Fond;Oui;mesures fixes;Moy. annuelle;12.0;11.840578550194373;µg-m3;100.0;100.0;100.0;R;1;47.09672;5.496389
2024/01/01 00:00:00;2024/12/31 23:59:59;ATMO BOURGOGNE-FRANCHE-COMTE;FR27ZRE01;ZR BOURGOGNE-FRANCHE-COMTE;FR82043;Chatenois;Périurbaine;PM10;Industrielle;Oui;mesures fixes;Moy. annuelle;10.0;9.935735276830789;µg-m3;97.0;100.0;97.0;R;1;47.147231;5.556211
2024/01/01 00:00:00;2024/12/31 23:59:59;ATMO BOURGOGNE-FRANCHE-COMTE;FR27ZRE01;ZR BOURGOGNE-FRANCHE-COMTE;FR82060;Vesoul Pres Caillet;Urbaine;PM10;Fond;Oui;mesures fixes;Moy. annuelle;13.0;12.57199814018369;µg-m3;98.0;100.0;98.0;R;1;47.620022;6.157642
2024/01/01 00:00:00;2024/12/31 23:59:59;ATMO BOURGOGNE-FRANCHE-COMTE;FR27ZRE01;ZR BOURGOGNE-FRANCHE-COMTE;FR82070;Baume-les-Dames;Urbaine;PM10;Trafic;Oui;mesures fixes;Moy. annuelle;11.0;11.467003908944585;µg-m3;99.0;100.0;99.0;R;1;47.351288;6.359722
